ID,AutodockVina score
CYCLOSPORINE,9.2
CYCLOSPORINE,8
CYCLOSPORINE,3.8
CYCLOSPORINE,2.9
METHOXYAMINE,-2
METHOXYAMINE,-2.2
CYSTEAMINE,-2.2
CYSTEAMINE,-2.2
CYSTEAMINE,-2.2
CYSTEAMINE,-2.3
GUANIDINE,-2.6
GUANIDINE,-2.6
"1,2-DIMETHYLHYDRAZINE",-2.6
"1,2-DIMETHYLHYDRAZINE",-2.6
"1,2-DIMETHYLHYDRAZINE",-2.6
"1,2-DIMETHYLHYDRAZINE",-2.6
UREA,-2.8
L-ALANINOL,-2.8
DIMERCAPROL,-2.8
DIMERCAPROL,-2.8
DIMERCAPROL,-2.8
UREA,-2.9
L-ALANINOL,-2.9
DIMERCAPROL,-2.9
CHOLINE,-2.9
CHOLINE,-3
BETA-PROPIOLACTONE,-3
METHIMAZOLE,-3.1
METHAMIDOPHOS,-3.1
L-ALANINOL,-3.1
L-ALANINOL,-3.1
BETA-PROPIOLACTONE,-3.1
2-AMINOGUANIDINE,-3.1
2-AMINOGUANIDINE,-3.1
URETHANE,-3.2
THIRAM,-3.2
THIRAM,-3.2
PIPERAZINE,-3.2
PIPERAZINE,-3.2
METHIMAZOLE,-3.2
METHAMIDOPHOS,-3.2
MESNA,-3.2
MESNA,-3.2
BETAINE,-3.2
BETAINE,-3.2
ACETOHYDROXAMIC,-3.2
THIODIGLYCOL,-3.3
THIODIGLYCOL,-3.3
TAURINE,-3.3
TAURINE,-3.3
PIPERAZINE,-3.3
PIPERAZINE,-3.3
METHIMAZOLE,-3.3
METHAMIDOPHOS,-3.3
MECYSTEINE,-3.3
ACETOHYDROXAMIC,-3.3
2-ETHYL-2-THIOPSEUDOUREA,-3.3
2-ETHYL-2-THIOPSEUDOUREA,-3.3
THIRAM,-3.4
TAURINE,-3.4
TAURINE,-3.4
SODIUM,-3.4
METHIMAZOLE,-3.4
METHAMIDOPHOS,-3.4
MECYSTEINE,-3.4
MECHLORETHAMINE,-3.4
MECHLORETHAMINE,-3.4
HYDROXYUREA,-3.4
gamma-AMINOBUTYRIC,-3.4
gamma-AMINOBUTYRIC,-3.4
CADAVERINE,-3.4
URETHANE,-3.5
THIRAM,-3.5
MECHLORETHAMINE,-3.5
HISTAMINE,-3.5
CARNITINE,-3.5
AMINOETHYLISOTHIOUREA,-3.5
"3-AMINO-1,2,4-TRIAZOLE",-3.5
METHACHOLINE,-3.6
MECYSTEINE,-3.6
MECYSTEINE,-3.6
MECHLORETHAMINE,-3.6
HYDROXYUREA,-3.6
GARLICIN,-3.6
DIALLYL,-3.6
CADAVERINE,-3.6
CADAVERINE,-3.6
CADAVERINE,-3.6
AMINOETHYLISOTHIOUREA,-3.6
ACETYLCHOLINE,-3.6
"3-AMINO-1,2,4-TRIAZOLE",-3.6
"3-AMINO-1,2,4-TRIAZOLE",-3.6
PENICILLAMINE,-3.7
METHACHOLINE,-3.7
METHACHOLINE,-3.7
METHACHOLINE,-3.7
LEVOCARNITINE,-3.7
gamma-AMINOBUTYRIC,-3.7
gamma-AMINOBUTYRIC,-3.7
FOSFOMYCIN,-3.7
FOSCARNET,-3.7
CYCLOSERINE,-3.7
CYCLOSERINE,-3.7
CYCLOSERINE,-3.7
CARBACHOL,-3.7
ARABITOL(D),-3.7
AMINOETHYLISOTHIOUREA,-3.7
AMINOETHYLISOTHIOUREA,-3.7
AMIFOSTINE,-3.7
ACETYLCYSTEINE,-3.7
ACETYLCHOLINE,-3.7
3-AMINOPROPANESULPHONIC,-3.7
"3-AMINO-1,2,4-TRIAZOLE",-3.7
SODIUM,-3.8
PENICILLAMINE,-3.8
METFORMIN,-3.8
LEVOCARNITINE,-3.8
HISTAMINE,-3.8
HISTAMINE,-3.8
GARLICIN,-3.8
FOSFOMYCIN,-3.8
FOSFOMYCIN,-3.8
FOSFOMYCIN,-3.8
FOSCARNET,-3.8
DIALLYL,-3.8
CYCLOSERINE,-3.8
CARBACHOL,-3.8
BOVINOCIDIN,-3.8
ARABITOL(D),-3.8
ARABITOL(D),-3.8
ARABITOL(D),-3.8
AMINOLEVULINIC,-3.8
3-AMINOPROPANESULPHONIC,-3.8
"2,3-DIMERCAPTOSUCCINIC",-3.8
"2,3-DIMERCAPTOSUCCINIC",-3.8
"2,3-DIMERCAPTOSUCCINIC",-3.8
"2,3-DIMERCAPTOSUCCINIC",-3.8
TRIENTINE,-3.9
METFORMIN,-3.9
FAMPRIDINE,-3.9
DIMETHOATE,-3.9
BOVINOCIDIN,-3.9
BETHANECHOL,-3.9
AMINOLEVULINIC,-3.9
AMINOCAPROIC,-3.9
ADONITOL,-3.9
ACETYLCYSTEINE,-3.9
ACETYLCYSTEINE,-3.9
ACETYLCYSTEINE,-3.9
3-AMINOPROPANESULPHONIC,-3.9
3-AMINOPROPANESULPHONIC,-3.9
2-THIOURACIL,-3.9
TUAMINOHEPTANE,-4
TUAMINOHEPTANE,-4
TRIENTINE,-4
TRICHLORMETHINE,-4
TRICHLORMETHINE,-4
PENICILLAMINE,-4
PENICILLAMINE,-4
N-METHYL-D-ASPARTIC,-4
METFORMIN,-4
METFORMIN,-4
HISTAMINE,-4
HEPTAMINOL,-4
FAMPRIDINE,-4
DIMETHOATE,-4
CREATININE,-4
CARNITINE,-4
BETHANECHOL,-4
BETHANECHOL,-4
BETHANECHOL,-4
AMINOCYCLOPROPANECARBOXYLIC,-4
AMINOCYCLOPROPANECARBOXYLIC,-4
AMINOCYCLOPROPANECARBOXYLIC,-4
AMINOCYCLOPROPANECARBOXYLIC,-4
AMIFOSTINE,-4
AMIFOSTINE,-4
ALTRETAMINE,-4
ALTRETAMINE,-4
ADONITOL,-4
TUAMINOHEPTANE,-4.1
TRIENTINE,-4.1
TRIENTINE,-4.1
TRICHLORMETHINE,-4.1
TRICHLORMETHINE,-4.1
N-METHYL-D-ASPARTIC,-4.1
N-METHYL-D-ASPARTIC,-4.1
LEVOCARNITINE,-4.1
LEVOCARNITINE,-4.1
HEXAMETHONIUM,-4.1
HEXAMETHONIUM,-4.1
HEPTAMINOL,-4.1
ETHIONINE,-4.1
ETHIONINE,-4.1
CREATININE,-4.1
CARNITINE,-4.1
CARNITINE,-4.1
CARBIMAZOLE,-4.1
CARBIMAZOLE,-4.1
AMINOCAPROIC,-4.1
AMIFOSTINE,-4.1
2-THIOURACIL,-4.1
2-THIOURACIL,-4.1
2-THIOURACIL,-4.1
"1,3,5-TRIMETHOXYBENZENE",-4.1
"1,3,5-TRIMETHOXYBENZENE",-4.1
TUAMINOHEPTANE,-4.2
THIOTEPA,-4.2
SORBITOL,-4.2
N-METHYL-D-ASPARTIC,-4.2
NICOTINYL,-4.2
METHYLTHIOURACIL,-4.2
METHYLTHIOURACIL,-4.2
METHENAMINE,-4.2
METHENAMINE,-4.2
MERCAPTOPURINE,-4.2
IMIDAZOL-4-YLACETIC,-4.2
HEPTAMINOL,-4.2
HEPTAMINOL,-4.2
GLYPHOSATE,-4.2
GLYPHOSATE,-4.2
ETHIONINE,-4.2
ETHIONINE,-4.2
ERYSOLIN,-4.2
COLESEVALAM,-4.2
AGMATINE,-4.2
AGMATINE,-4.2
3-HYDROXY-2-METHYLPYRAN-4-ONE,-4.2
3-HYDROXY-2-METHYLPYRAN-4-ONE,-4.2
VIGABATRIN,-4.3
VIGABATRIN,-4.3
THIOTEPA,-4.3
RIFAMPIN,-4.3
PYRAZINAMIDE,-4.3
PERSEITOL,-4.3
METHENAMINE,-4.3
METHENAMINE,-4.3
MERCAPTOPURINE,-4.3
MANNITOL,-4.3
L-DEOXYALLIIN,-4.3
IMIDAZOL-4-YLACETIC,-4.3
IMIDAZOL-4-YLACETIC,-4.3
GLYPHOSATE,-4.3
GLUTAMINE,-4.3
ERYSOLIN,-4.3
DJENKOLIC,-4.3
DISULFIRAM,-4.3
COLESEVALAM,-4.3
COLESEVALAM,-4.3
CITIOLONE,-4.3
CITIOLONE,-4.3
CARMUSTINE,-4.3
CARMUSTINE,-4.3
ANTIAROL,-4.3
ANTIAROL,-4.3
ACETYLCARNITINE,-4.3
3-HYDROXY-2-METHYLPYRAN-4-ONE,-4.3
3-HYDROXY-2-METHYLPYRAN-4-ONE,-4.3
2-ACETYLPYRROLE,-4.3
VIGABATRIN,-4.4
VIGABATRIN,-4.4
THIOTEPA,-4.4
SORBITOL,-4.4
PYRIDOSTIGMINE,-4.4
PYRIDOSTIGMINE,-4.4
PREGABALIN,-4.4
PERSEITOL,-4.4
NICOTINYL,-4.4
METRONIDAZOLE,-4.4
METHYLTHIOURACIL,-4.4
METHYLTHIOURACIL,-4.4
MERCAPTOPURINE,-4.4
MERCAPTOPURINE,-4.4
MANNITOL,-4.4
MANNITOL,-4.4
L-DEOXYALLIIN,-4.4
L-DEOXYALLIIN,-4.4
L(+/-)-ALLIIN,-4.4
KOJIC,-4.4
ISOGUVACINE,-4.4
ISOGUVACINE,-4.4
INOSITOL,-4.4
IMIDAZOL-4-YLACETIC,-4.4
HYPOXANTHINE,-4.4
HYPOXANTHINE,-4.4
HYPOXANTHINE,-4.4
HALOTHANE,-4.4
HALOTHANE,-4.4
HALOTHANE,-4.4
GUVACINE,-4.4
GLYPHOSATE,-4.4
GLUTAMINE,-4.4
GLUTAMINE,-4.4
GLUCOSAMINE,-4.4
ETIDRONATE,-4.4
ETIDRONATE,-4.4
ETIDRONATE,-4.4
DJENKOLIC,-4.4
DISULFIRAM,-4.4
DISULFIRAM,-4.4
DIETHYLCARBAMAZINE,-4.4
DICHLORVOS,-4.4
DICHLORVOS,-4.4
DEXPANTHENOL,-4.4
COLESEVALAM,-4.4
CARMUSTINE,-4.4
BETAHISTINE,-4.4
AGMATINE,-4.4
AGMATINE,-4.4
ACETYLCARNITINE,-4.4
2-ACETYLPYRROLE,-4.4
TRIGONELLINE,-4.5
THIOTEPA,-4.5
PERSEITOL,-4.5
PARACHLOROPHENOL,-4.5
PANTHENOL,-4.5
o-VERATRALDEHYDE,-4.5
NIZATIDINE,-4.5
NIPECOTIC,-4.5
NIPECOTIC,-4.5
NIACIN,-4.5
MIGLITOL,-4.5
METRONIDAZOLE,-4.5
MANNITOL,-4.5
LIPOAMIDE,-4.5
L-DEOXYALLIIN,-4.5
L(+/-)-ALLIIN,-4.5
KOJIC,-4.5
KOJIC,-4.5
HALOTHANE,-4.5
GUVACINE,-4.5
GLUTAMINE,-4.5
FLUOROURACIL,-4.5
ETIDRONATE,-4.5
ETHAMBUTOL,-4.5
ETHAMBUTOL,-4.5
DJENKOLIC,-4.5
DISULFIRAM,-4.5
DIMETHADIONE,-4.5
DIHYDROLIPOAMIDE,-4.5
DIETHYLCARBAMAZINE,-4.5
DIETHYLCARBAMAZINE,-4.5
DIETHYLCARBAMAZINE,-4.5
DEXPANTHENOL,-4.5
CITIOLONE,-4.5
CALCIUM,-4.5
BUSULFAN,-4.5
ASARYLALDEHYDE,-4.5
ANTIAROL,-4.5
AMINOLEVULINIC,-4.5
AMINOLEVULINIC,-4.5
ALLOXAN,-4.5
ALLOXAN,-4.5
ADENINE,-4.5
ADENINE,-4.5
ADENINE,-4.5
4-HYDROXY-6-METHYLPYRAN-2-ONE,-4.5
4-HYDROXY-6-METHYLPYRAN-2-ONE,-4.5
4-HYDROXY-6-METHYLPYRAN-2-ONE,-4.5
XYLOSE,-4.6
XYLOSE,-4.6
XANTHOXYLIN,-4.6
TRIACETIN,-4.6
THEOPHYLLINE,-4.6
THEOPHYLLINE,-4.6
SUCCINYLACETONE,-4.6
PYRIDOXINE,-4.6
PYRIDOXINE,-4.6
PYRAZINAMIDE,-4.6
PERSEITOL,-4.6
PANTHENOL,-4.6
OCTODRINE,-4.6
OCTODRINE,-4.6
OCTODRINE,-4.6
OCTODRINE,-4.6
NIZATIDINE,-4.6
NIPECOTIC,-4.6
MIGLITOL,-4.6
MIGLITOL,-4.6
MALATHION,-4.6
L(+/-)-ALLIIN,-4.6
KOJIC,-4.6
IFOSFAMIDE,-4.6
HYDROQUINONE,-4.6
HYDROQUINONE,-4.6
HYDROQUINONE,-4.6
GLUTAMINE,-4.6
GLUCOSAMINE,-4.6
FLUOROURACIL,-4.6
FLUOROURACIL,-4.6
FLUOROURACIL,-4.6
ETHIONAMIDE,-4.6
ETHAMBUTOL,-4.6
D-LACTITOL,-4.6
DJENKOLIC,-4.6
DIMETHADIONE,-4.6
DIHYDROLIPOAMIDE,-4.6
CLOPIDOL,-4.6
CLOPIDOL,-4.6
CLOPIDOL,-4.6
CITIOLONE,-4.6
CARMUSTINE,-4.6
CALCIUM,-4.6
CAFFEINE,-4.6
CAFFEINE,-4.6
BETAHISTINE,-4.6
ASARYLALDEHYDE,-4.6
ARECOLINE,-4.6
ARECOLINE,-4.6
ARECOLINE,-4.6
ANTIAROL,-4.6
AMINOPENTAMIDE,-4.6
AMINOCAPROIC,-4.6
AMINOCAPROIC,-4.6
ALLOPURINOL,-4.6
ACEXAMIC,-4.6
ACAMPROSATE,-4.6
ACAMPROSATE,-4.6
2-METHOXYRESORCINOL,-4.6
2-METHOXYRESORCINOL,-4.6
XYLOSE,-4.7
XYLOSE,-4.7
XANTHOXYLIN,-4.7
VERATRIC,-4.7
VALPROATE,-4.7
TRIACETIN,-4.7
THEOPHYLLINE,-4.7
THEOPHYLLINE,-4.7
SUCCINYLACETONE,-4.7
SECNIDAZOLE,-4.7
RESORCINOL,-4.7
RESORCINOL,-4.7
RESORCINOL,-4.7
PYRIDOXINE,-4.7
PROMETRYN,-4.7
PREGABALIN,-4.7
PRALIDOXIME,-4.7
PARAMETHADIONE,-4.7
PANTHENOL,-4.7
PANGAMIC,-4.7
o-VERATRALDEHYDE,-4.7
N-METHYLBENZYLAMINE,-4.7
N-METHYLBENZYLAMINE,-4.7
NIACIN,-4.7
MUCIC,-4.7
MIGLITOL,-4.7
METHYLXANTHOXYLIN,-4.7
MALATHION,-4.7
MALATHION,-4.7
MALATHION,-4.7
LITHIUM,-4.7
LITHIUM,-4.7
ISONIAZID,-4.7
ISONIAZID,-4.7
ISOGUVACINE,-4.7
ISOGUVACINE,-4.7
HYDROQUINONE,-4.7
GLUTAMINE,-4.7
ETHAMBUTOL,-4.7
DIHYDROLIPOAMIDE,-4.7
DIHYDROLIPOAMIDE,-4.7
DECAMETHONIUM,-4.7
DECAMETHONIUM,-4.7
DACARBAZINE,-4.7
CLOPIDOL,-4.7
BUSULFAN,-4.7
BETAHISTINE,-4.7
BETAHISTINE,-4.7
BENZYLHYDRAZINE,-4.7
ALLOPURINOL,-4.7
ALDICARB,-4.7
ALDICARB,-4.7
ADENINE,-4.7
ACEXAMIC,-4.7
4-HYDROXY-6-METHYLPYRAN-2-ONE,-4.7
3-METHYLXANTHINE,-4.7
3-METHOXYCATECHOL,-4.7
2-METHOXYRESORCINOL,-4.7
2-METHOXYRESORCINOL,-4.7
XANTHOXYLIN,-4.8
VERATRIC,-4.8
VALPROATE,-4.8
TRISODIUM,-4.8
TRISODIUM,-4.8
TRIGONELLINE,-4.8
THIOGUANINE,-4.8
THEOBROMINE,-4.8
THEOBROMINE,-4.8
THEOBROMINE,-4.8
THEOBROMINE,-4.8
SECNIDAZOLE,-4.8
SALICYL,-4.8
RIFAMPIN,-4.8
RESORCINOL,-4.8
PYRIDOXINE,-4.8
PYRIDOSTIGMINE,-4.8
PROMETRYN,-4.8
PROMETRYN,-4.8
PROMETRYN,-4.8
PRALIDOXIME,-4.8
PRALIDOXIME,-4.8
PIRACETAM,-4.8
PEMPIDINE,-4.8
PARAMETHADIONE,-4.8
PARAMETHADIONE,-4.8
PANTOTHENIC,-4.8
PANTHENOL,-4.8
NIACINAMIDE,-4.8
NEOSTIGMINE,-4.8
NEOSTIGMINE,-4.8
MUCIC,-4.8
METHYLXANTHOXYLIN,-4.8
METHYLXANTHOXYLIN,-4.8
INOSITOL,-4.8
HYPOXANTHINE,-4.8
GLUTATHIONE,-4.8
GLUCOSAMINE,-4.8
GLUCONOLACTONE,-4.8
ETHOSUXIMIDE,-4.8
DACARBAZINE,-4.8
DACARBAZINE,-4.8
DACARBAZINE,-4.8
CYCLOPHOSPHAMIDE,-4.8
CYCLOPHOSPHAMIDE,-4.8
BRETYLIUM,-4.8
BENZYLHYDRAZINE,-4.8
BENZYLHYDRAZINE,-4.8
ASCORBIC,-4.8
ARECOLINE,-4.8
ALLOPURINOL,-4.8
ACONITIC,-4.8
3-METHYLXANTHINE,-4.8
3-METHYLXANTHINE,-4.8
3-METHOXYCATECHOL,-4.8
3-METHOXYCATECHOL,-4.8
XANTHOXYLIN,-4.9
TRISODIUM,-4.9
TRISODIUM,-4.9
THIOGUANINE,-4.9
THIOGUANINE,-4.9
THIOGUANINE,-4.9
TETROQUINONE,-4.9
TETROQUINONE,-4.9
SECNIDAZOLE,-4.9
SALICYL,-4.9
SALICYL,-4.9
RONIDAZOLE,-4.9
PYRIDOSTIGMINE,-4.9
PREGABALIN,-4.9
PREGABALIN,-4.9
PIRACETAM,-4.9
PHENYLMERCURIC,-4.9
PENTACHLOROPHENOL,-4.9
PENTACHLOROPHENOL,-4.9
PENTACHLOROPHENOL,-4.9
PEMPIDINE,-4.9
PEMPIDINE,-4.9
PARACHLOROPHENOL,-4.9
PARACHLOROPHENOL,-4.9
PARACHLOROPHENOL,-4.9
PANTOTHENIC,-4.9
PANGAMIC,-4.9
PAEONOL,-4.9
PAEONOL,-4.9
ORNIDAZOLE,-4.9
N-METHYLBENZYLAMINE,-4.9
NIZATIDINE,-4.9
NIACINAMIDE,-4.9
MUCIC,-4.9
MUCIC,-4.9
METHOXAMINE,-4.9
METHOXAMINE,-4.9
LINAMARIN,-4.9
L-BUTHIONINE,-4.9
L(+/-)-ALLIIN,-4.9
ISOSORBIDE,-4.9
IFOSFAMIDE,-4.9
GUAIFENESIN,-4.9
GLUCOSAMINE,-4.9
GLUCONOLACTONE,-4.9
GLUCONOLACTONE,-4.9
GLUCONOLACTONE,-4.9
GABOXADOL,-4.9
CYCLOPHOSPHAMIDE,-4.9
CYCLOLEUCINE,-4.9
CYCLOLEUCINE,-4.9
CYCLOLEUCINE,-4.9
CYCLOLEUCINE,-4.9
CRESOL,-4.9
CITRULLINE,-4.9
CITRULLINE,-4.9
CITRULLINE,-4.9
CHLOROCRESOL,-4.9
CHLORANIL,-4.9
CHLORANIL,-4.9
CAPTOPRIL,-4.9
BRETYLIUM,-4.9
BENZYLHYDRAZINE,-4.9
ASCORBIC,-4.9
ASCORBIC,-4.9
AMINOPENTAMIDE,-4.9
ALLOPURINOL,-4.9
6-AMINONICOTINAMIDE,-4.9
3-METHYLXANTHINE,-4.9
3-METHOXYCATECHOL,-4.9
TINIDAZOLE,-5
THEANINE,-5
THEANINE,-5
SIMAZINE,-5
SECNIDAZOLE,-5
SALICYL,-5
RONIDAZOLE,-5
RIFAMPIN,-5
PRALIDOXIME,-5
PIRACETAM,-5
PENTACHLOROPHENOL,-5
PEMPIDINE,-5
PARAMETHADIONE,-5
PANGAMIC,-5
PAEONOL,-5
PAEONOL,-5
OXIDOPAMINE,-5
ORNIDAZOLE,-5
ORNIDAZOLE,-5
N-METHYLBENZYLAMINE,-5
NIZATIDINE,-5
METHYLXANTHOXYLIN,-5
METHYL,-5
LIPOAMIDE,-5
LINAMARIN,-5
L-BUTHIONINE,-5
L-BUTHIONINE,-5
L-BUTHIONINE,-5
ISOPEONOL,-5
IPRONIAZID,-5
IPRONIAZID,-5
IFOSFAMIDE,-5
IFOSFAMIDE,-5
GUVACINE,-5
GUVACINE,-5
FLUROTHYL,-5
FLUROTHYL,-5
EVERNINIC,-5
ETHIONAMIDE,-5
ETANIDAZOLE,-5
EDROPHONIUM,-5
EDROPHONIUM,-5
DOPAMINE,-5
D-LACTITOL,-5
CYCLOPHOSPHAMIDE,-5
CRESOL,-5
CRESOL,-5
CONIFERYL,-5
CHLOROCRESOL,-5
CAPTOPRIL,-5
AUROTHIOGLUCOSE,-5
AUROTHIOGLUCOSE,-5
ATRAZINE,-5
ATRAZINE,-5
ASCORBIC,-5
ACYCLOVIR,-5
2-MERCAPTOBENZOTHIAZOLE,-5
"2,2'-AZO-bis-2-AMINOPROPANE",-5
"2,2'-AZO-bis-2-AMINOPROPANE",-5
TINIDAZOLE,-5.1
THEANINE,-5.1
THEANINE,-5.1
SULFANILAMIDE,-5.1
SIMAZINE,-5.1
QUINIC,-5.1
PROPYLTHIOURACIL,-5.1
PIRACETAM,-5.1
PIPOBROMAN,-5.1
PHENTERMINE,-5.1
PATULIN,-5.1
PANGAMIC,-5.1
OXIDOPAMINE,-5.1
ORNIDAZOLE,-5.1
OCTOPAMINE,-5.1
N-METHYLANTHRANILIC,-5.1
N-METHYLANTHRANILIC,-5.1
N-HYDROXYMETHYLNICOTINAMIDE,-5.1
NEOSTIGMINE,-5.1
N,-5.1
METHYL,-5.1
METHOXAMINE,-5.1
METHOXAMINE,-5.1
METHAZOLAMIDE,-5.1
MESALAMINE,-5.1
MENTHOL(-),-5.1
MENTHOL(-),-5.1
MENTHOL(-),-5.1
L-LEUCYL-L-ALANINE,-5.1
LIPOAMIDE,-5.1
LINDANE,-5.1
GUAIFENESIN,-5.1
GALLIC,-5.1
GALLIC,-5.1
GABOXADOL,-5.1
GABOXADOL,-5.1
EVERNINIC,-5.1
ETHIONAMIDE,-5.1
ETHIONAMIDE,-5.1
ETANIDAZOLE,-5.1
EPHEDRINE,-5.1
EDROPHONIUM,-5.1
EDROPHONIUM,-5.1
CRESOL,-5.1
CITRULLINE,-5.1
CIMETIDINE,-5.1
CIMETIDINE,-5.1
CHRYSANTHEMYL,-5.1
CHRYSANTHEMYL,-5.1
CHLOROXYLENOL,-5.1
CHLOROXYLENOL,-5.1
CHLOROXYLENOL,-5.1
CHLOROXYLENOL,-5.1
CHLOROCRESOL,-5.1
CAPTOPRIL,-5.1
BENZYL,-5.1
AZELAIC,-5.1
ALLANTOIN,-5.1
ALLANTOIN,-5.1
ACYCLOVIR,-5.1
3-METHYLORSELLINIC,-5.1
3-HYDROXYTYRAMINE,-5.1
2-MERCAPTOBENZOTHIAZOLE,-5.1
TYRAMINE,-5.2
TYRAMINE,-5.2
TYRAMINE,-5.2
TRANEXAMIC,-5.2
TRANEXAMIC,-5.2
SULFANILATE,-5.2
SULFANILAMIDE,-5.2
SULFANILAMIDE,-5.2
SULFANILAMIDE,-5.2
STREPTOZOSIN,-5.2
SALSOLIDINE,-5.2
SALICYLAMIDE,-5.2
SALICYLAMIDE,-5.2
RANITIDINE,-5.2
QUINIC,-5.2
QUINIC,-5.2
PYROCATECHUIC,-5.2
PYROCATECHUIC,-5.2
PSEUDOEPHEDRINE,-5.2
PROTIONAMIDE,-5.2
PROTIONAMIDE,-5.2
PROPYLTHIOURACIL,-5.2
PROPYLTHIOURACIL,-5.2
PROPAZINE,-5.2
PROPAZINE,-5.2
POTASSIUM,-5.2
POTASSIUM,-5.2
PHENYLETHYL,-5.2
PHENYLETHYL,-5.2
PHENTERMINE,-5.2
PHENACETIN,-5.2
PATULIN,-5.2
PATULIN,-5.2
OXIDOPAMINE,-5.2
ORSELLINIC,-5.2
ORSELLINIC,-5.2
OCTOPAMINE,-5.2
NOREPINEPHRINE,-5.2
NICOTINE,-5.2
NICOTINE,-5.2
N-HYDROXYMETHYLNICOTINAMIDE,-5.2
NEROL,-5.2
NEROL,-5.2
N,-5.2
METOCLOPRAMIDE,-5.2
METHYL,-5.2
METHAZOLAMIDE,-5.2
MEPHENTERMINE,-5.2
LUPININE,-5.2
L-LEUCYL-L-ALANINE,-5.2
L-LEUCYL-L-ALANINE,-5.2
LIPOAMIDE,-5.2
ISOSORBIDE,-5.2
ISOPEONOL,-5.2
ISOPEONOL,-5.2
GLUTATHIONE,-5.2
GALLIC,-5.2
FLOPROPIONE,-5.2
EVERNINIC,-5.2
ETHYL,-5.2
ETHYL,-5.2
ETHOSUXIMIDE,-5.2
ETHOSUXIMIDE,-5.2
ETHOSUXIMIDE,-5.2
ESTRAGOLE,-5.2
DYPHYLLINE,-5.2
DOPAMINE,-5.2
DOPAMINE,-5.2
DOPAMINE,-5.2
DICHLOBENIL,-5.2
DICHLOBENIL,-5.2
CONIFERYL,-5.2
CHLOROCRESOL,-5.2
CARISOPRODOL,-5.2
BENZYL,-5.2
BENZOIC,-5.2
BENZOCAINE,-5.2
ATRAZINE,-5.2
ATRAZINE,-5.2
AMINOSALICYLATE,-5.2
AMINOSALICYLATE,-5.2
ACONITIC,-5.2
ACETRIAZOIC,-5.2
ACETANILIDE,-5.2
ACETAMINOPHEN,-5.2
ACETAMINOPHEN,-5.2
3-HYDROXYTYRAMINE,-5.2
"3,4-DIMETHOXYCINNAMIC",-5.2
"3,4-DIMETHOXYCINNAMIC",-5.2
2-MERCAPTOBENZOTHIAZOLE,-5.2
"2,2'-AZO-bis-2-AMINOPROPANE",-5.2
"2,2'-AZO-bis-2-AMINOPROPANE",-5.2
ZINC,-5.3
UNDECYLENIC,-5.3
TYRAMINE,-5.3
TULOBUTEROL,-5.3
TULOBUTEROL,-5.3
TRIMETOZINE,-5.3
TRIMEDLURE,-5.3
TRIMEDLURE,-5.3
TRANEXAMIC,-5.3
TRANEXAMIC,-5.3
SULFANILATE,-5.3
STREPTOZOSIN,-5.3
SODIUM,-5.3
RONNEL,-5.3
RESORCINOL,-5.3
RANITIDINE,-5.3
RACEPHEDRINE,-5.3
PSEUDOEPHEDRINE,-5.3
PROTIONAMIDE,-5.3
PROPYLTHIOURACIL,-5.3
PROPOXUR,-5.3
PROPOXUR,-5.3
PROPAZINE,-5.3
PROPAZINE,-5.3
PROCAINE,-5.3
PROADIFEN,-5.3
PIPOBROMAN,-5.3
PINDOLOL,-5.3
PINDOLOL,-5.3
PINACIDIL,-5.3
PHENYLEPHRINE,-5.3
PHENYLEPHRINE,-5.3
PHENYLEPHRINE,-5.3
PHENTERMINE,-5.3
PHENACYLAMINE,-5.3
PATULIN,-5.3
PARGYLINE,-5.3
PARGYLINE,-5.3
OXIDOPAMINE,-5.3
ORSELLINIC,-5.3
ORSELLINIC,-5.3
NOREPINEPHRINE,-5.3
NIPECOTIC,-5.3
N-ACETYLNEURAMIC,-5.3
N,-5.3
METOPROLOL,-5.3
METHYL,-5.3
METHYL,-5.3
METHAZOLAMIDE,-5.3
METHAZOLAMIDE,-5.3
METARAMINOL,-5.3
METACETAMOL,-5.3
MESALAMINE,-5.3
MESALAMINE,-5.3
MEPHENTERMINE,-5.3
MAFENIDE,-5.3
MAFENIDE,-5.3
LUPININE,-5.3
LUPININE,-5.3
LUPININE,-5.3
L-LEUCYL-L-ALANINE,-5.3
LEVONORDEFRIN,-5.3
LEVONORDEFRIN,-5.3
LEVALBUTEROL,-5.3
ISOPEONOL,-5.3
IOPANIC,-5.3
GUAIFENESIN,-5.3
GUAIFENESIN,-5.3
GLUTATHIONE,-5.3
FLOPROPIONE,-5.3
EVERNINIC,-5.3
EUGENOL,-5.3
ETHYL,-5.3
ETHYL,-5.3
ETHAMIVAN,-5.3
ETHAMIVAN,-5.3
ESTRAGOLE,-5.3
DYPHYLLINE,-5.3
DIMETHYLCAFFEIC,-5.3
DIMETHYLCAFFEIC,-5.3
CLENBUTEROL,-5.3
CLAVULANATE,-5.3
CIMETIDINE,-5.3
CIMETIDINE,-5.3
CHRYSANTHEMYL,-5.3
CHRYSANTHEMYL,-5.3
CARNOSINE,-5.3
CARISOPRODOL,-5.3
CAPTOPRIL,-5.3
AZELAIC,-5.3
ANETHOLE,-5.3
AMINOSALICYLATE,-5.3
ALLANTOIN,-5.3
ALLANTOIN,-5.3
ALAPROCLATE,-5.3
4-ACETOXYPHENOL,-5.3
4-ACETOXYPHENOL,-5.3
"2,4,5-TRICHLOROPHENOXYACETIC",-5.3
"1R,2S-PHENYLPROPYLAMINE",-5.3
"1R,2S-PHENYLPROPYLAMINE",-5.3
ZINC,-5.4
UNDECYLENIC,-5.4
TRIMETOZINE,-5.4
TRIMETOZINE,-5.4
TRIMEDLURE,-5.4
TRIMEDLURE,-5.4
THIMEROSAL,-5.4
THIMEROSAL,-5.4
SODIUM,-5.4
SODIUM,-5.4
SALSOLIDINE,-5.4
SALSOLIDINE,-5.4
SALSOLIDINE,-5.4
SALICYLAMIDE,-5.4
SALICYLAMIDE,-5.4
RESORCINOL,-5.4
RESORCINOL,-5.4
RANITIDINE,-5.4
RANITIDINE,-5.4
PYROCATECHUIC,-5.4
PYROCATECHUIC,-5.4
PYRITHYLDIONE,-5.4
PYRITHYLDIONE,-5.4
PSEUDOEPHEDRINE,-5.4
PROTIONAMIDE,-5.4
PROCAINE,-5.4
PIPOBROMAN,-5.4
PIPOBROMAN,-5.4
PINACIDIL,-5.4
PILOCARPINE,-5.4
PHENYLMERCURIC,-5.4
PHENYLEPHRINE,-5.4
PHENTERMINE,-5.4
PHENELZINE,-5.4
PHENACYLAMINE,-5.4
PARGYLINE,-5.4
PARGYLINE,-5.4
ORSELLINIC,-5.4
ORSELLINIC,-5.4
ORSELLINIC,-5.4
OCTOPAMINE,-5.4
OCTOPAMINE,-5.4
NOREPINEPHRINE,-5.4
NEOSTIGMINE,-5.4
N,-5.4
MEXAMINE,-5.4
MEXAMINE,-5.4
METOPROLOL,-5.4
METOCLOPRAMIDE,-5.4
METOCLOPRAMIDE,-5.4
METOCLOPRAMIDE,-5.4
METHYL,-5.4
METARAMINOL,-5.4
METACETAMOL,-5.4
METACETAMOL,-5.4
MEPHENTERMINE,-5.4
MECLOFENOXATE,-5.4
MECAMYLAMINE,-5.4
MAFENIDE,-5.4
MAFENIDE,-5.4
LEVONORDEFRIN,-5.4
LEVALBUTEROL,-5.4
IOPANIC,-5.4
INDOLE-3-CARBINOL,-5.4
HYDROXYTOLUIC,-5.4
HYDROXYTOLUIC,-5.4
HYDROXYTOLUIC,-5.4
HAEMATOMMIC,-5.4
GLUTATHIONE,-5.4
GALLIC,-5.4
GABOXADOL,-5.4
GABAPENTIN,-5.4
GABAPENTIN,-5.4
FLOPROPIONE,-5.4
ETHYL,-5.4
ETHAMIVAN,-5.4
ETHAMIVAN,-5.4
EPHEDRINE,-5.4
DIURON,-5.4
COTARNINE,-5.4
CONIFERYL,-5.4
CONIFERYL,-5.4
CLENBUTEROL,-5.4
CLAVULANATE,-5.4
CLAVULANATE,-5.4
BROMOPRIDE,-5.4
BENZOIC,-5.4
APIOLE,-5.4
APIOLE,-5.4
ANETHOLE,-5.4
AMIPRILOSE,-5.4
AMINOSALICYLATE,-5.4
ALBUTEROL,-5.4
ALBUTEROL,-5.4
ALAPROCLATE,-5.4
ADRENALINE,-5.4
ADRENALINE,-5.4
ADRENALINE,-5.4
ACYCLOVIR,-5.4
ACETAZOLAMIDE,-5.4
7-NITROINDAZOLE,-5.4
4-ACETOXYPHENOL,-5.4
3-METHYLORSELLINIC,-5.4
3-METHYLORSELLINIC,-5.4
3-AMINOBENZAMIDE,-5.4
XANTHOPTERIN,-5.5
TULOBUTEROL,-5.5
TRIMETOZINE,-5.5
THIOPENTAL,-5.5
THIAMINE,-5.5
TERBUTALINE,-5.5
TERBUTALINE,-5.5
SODIUM,-5.5
SODIUM,-5.5
SALSOLINE,-5.5
RONNEL,-5.5
RISEDRONATE,-5.5
RESORCINOL,-5.5
QUINIC,-5.5
PSEUDOEPHEDRINE,-5.5
PROPOFOL,-5.5
PROPOFOL,-5.5
PROADIFEN,-5.5
PROADIFEN,-5.5
PIPERONYLIC,-5.5
PILOCARPINE,-5.5
PHENACYLAMINE,-5.5
PHENACYLAMINE,-5.5
ORSELLINIC,-5.5
NITROFURAZONE,-5.5
NICOTINE,-5.5
NICOTINE,-5.5
N-ACETYLNEURAMIC,-5.5
N-ACETYLNEURAMIC,-5.5
MORANTEL,-5.5
METARAMINOL,-5.5
METAPROTERENOL,-5.5
METAPROTERENOL,-5.5
METAPROTERENOL,-5.5
METACETAMOL,-5.5
MESALAMINE,-5.5
MENTHOL(-),-5.5
MEFEXAMIDE,-5.5
MECLOFENOXATE,-5.5
MECLOFENOXATE,-5.5
L-PHENYLALANINOL,-5.5
L-PHENYLALANINOL,-5.5
LEVONORDEFRIN,-5.5
LACTULOSE,-5.5
ISOPROTERENOL,-5.5
ISOETHARINE,-5.5
IODOQUINOL,-5.5
HAEMATOMMIC,-5.5
HAEMATOMMIC,-5.5
GABAPENTIN,-5.5
FLOPROPIONE,-5.5
FERULIC,-5.5
EUGENOL,-5.5
EUGENOL,-5.5
ETHYLNOREPINEPHRINE,-5.5
ETHYLNOREPINEPHRINE,-5.5
ETHYL,-5.5
EPHEDRINE,-5.5
EPHEDRINE,-5.5
DIURON,-5.5
DIHYDROJASMONIC,-5.5
DIETHYLTOLUAMIDE,-5.5
COTININE,-5.5
COTARNINE,-5.5
CLOXYQUIN,-5.5
CLENBUTEROL,-5.5
CLENBUTEROL,-5.5
CITROPTEN,-5.5
CITROPTEN,-5.5
CHLORZOXAZONE,-5.5
CARNOSINE,-5.5
CARNOSINE,-5.5
CARNOSINE,-5.5
BUTYL,-5.5
BUPROPION,-5.5
BROMOPRIDE,-5.5
AMIPRILOSE,-5.5
ADRENALINE,-5.5
ACYCLOVIR,-5.5
ACETAZOLAMIDE,-5.5
ACETAZOLAMIDE,-5.5
ACETAZOLAMIDE,-5.5
ACETAMINOPHEN,-5.5
7-NITROINDAZOLE,-5.5
7-NITROINDAZOLE,-5.5
7-NITROINDAZOLE,-5.5
6-AMINONICOTINAMIDE,-5.5
4-ACETOXYPHENOL,-5.5
3-METHYLORSELLINIC,-5.5
2-MERCAPTOBENZOTHIAZOLE,-5.5
ZOXAZOLAMINE,-5.6
XANTHOPTERIN,-5.6
XANTHOPTERIN,-5.6
XANTHOPTERIN,-5.6
VENLAFAXINE,-5.6
TULOBUTEROL,-5.6
TOXAPHENE,-5.6
THIOPENTAL,-5.6
THIAMINE,-5.6
TETRACAINE,-5.6
TERBUTALINE,-5.6
TERBUTALINE,-5.6
SALSOLINE,-5.6
"S-(1,2-DICARBOXYETHYL)GLUTATHIONE",-5.6
RISEDRONATE,-5.6
RISEDRONATE,-5.6
RACEPHEDRINE,-5.6
PROPOFOL,-5.6
PROPOFOL,-5.6
PROCAINE,-5.6
PROADIFEN,-5.6
PRIMAQUINE,-5.6
PRIMAQUINE,-5.6
PRACTOLOL,-5.6
POLYMYXIN,-5.6
PHENELZINE,-5.6
PHENACETIN,-5.6
PENTYLENETETRAZOL,-5.6
OXYQUINOLINE,-5.6
N-ACETYLNEURAMIC,-5.6
MEXILETINE,-5.6
MEXILETINE,-5.6
MEXAMINE,-5.6
MEXAMINE,-5.6
METOPROLOL,-5.6
METARAMINOL,-5.6
MEPHENTERMINE,-5.6
MENTHONE,-5.6
MEFEXAMIDE,-5.6
MECLOFENOXATE,-5.6
MECAMYLAMINE,-5.6
L-PHENYLALANINOL,-5.6
L-PHENYLALANINOL,-5.6
LEVALBUTEROL,-5.6
LACTULOSE,-5.6
ISOSORBIDE,-5.6
ISOSORBIDE,-5.6
ISOPROTERENOL,-5.6
ISOPROTERENOL,-5.6
INDOLE-3-CARBINOL,-5.6
HYDROXYTOLUIC,-5.6
HAEMATOMMIC,-5.6
FERULIC,-5.6
EUGENOL,-5.6
ETHYL,-5.6
DYPHYLLINE,-5.6
DYPHYLLINE,-5.6
DIURON,-5.6
DIETHYLTOLUAMIDE,-5.6
DIETHYLTOLUAMIDE,-5.6
CLOXYQUIN,-5.6
CLAVULANATE,-5.6
CARISOPRODOL,-5.6
CARISOPRODOL,-5.6
BUTYL,-5.6
BUPROPION,-5.6
BUPROPION,-5.6
BROMOPRIDE,-5.6
BROMOPRIDE,-5.6
ASPIRIN,-5.6
ARCAINE,-5.6
AMIPRILOSE,-5.6
ACETAMINOPHEN,-5.6
4-AMINOETHYLBENZENESULFONYL,-5.6
3-ISOBUTYL-1-METHYLXANTHINE,-5.6
3-ISOBUTYL-1-METHYLXANTHINE,-5.6
3-BROMO-7-NITROINDAZOLE,-5.6
"2,5-DI-t-BUTYL-4-HYDROXYANISOLE",-5.6
VENLAFAXINE,-5.7
TYROSINE,-5.7
TRYPTAMINE,-5.7
TRYPTAMINE,-5.7
TRIFLURALIN,-5.7
TRANYLCYPROMINE,-5.7
TIMOLOL,-5.7
THIOPENTAL,-5.7
THIOPENTAL,-5.7
THIABENDAZOLE,-5.7
SUCRALOSE,-5.7
STREPTOZOSIN,-5.7
SODIUM,-5.7
SODIUM,-5.7
SCOPOLETIN,-5.7
SALSOLINE,-5.7
PROCAINE,-5.7
PROCAINAMIDE,-5.7
PROCAINAMIDE,-5.7
PIPERONYLIC,-5.7
PILOCARPINE,-5.7
PILOCARPINE,-5.7
PHENELZINE,-5.7
PHENELZINE,-5.7
PERILLYL,-5.7
PERILLIC,-5.7
PENTOBARBITAL,-5.7
OSELTAMIVIR,-5.7
NOREPINEPHRINE,-5.7
NIMUSTINE,-5.7
NIFEDIPINE,-5.7
NIFEDIPINE,-5.7
MORANTEL,-5.7
MIDODRINE,-5.7
MEXILETINE,-5.7
METYROSINE_copy_2,-5.7
METHYLDOPATE,-5.7
METHYLDOPATE,-5.7
METHOCARBAMOL,-5.7
METHAPYRILENE,-5.7
METHAPYRILENE,-5.7
METHAPYRILENE,-5.7
METHAPYRILENE,-5.7
METAPROTERENOL,-5.7
MEPHENESIN,-5.7
MEPHENESIN,-5.7
MEPHENESIN,-5.7
MEPHENESIN,-5.7
MENTHONE,-5.7
MEFEXAMIDE,-5.7
LINDANE,-5.7
LIDOCAINE,-5.7
LIDOCAINE,-5.7
LEVALBUTEROL,-5.7
KAINIC,-5.7
KAINIC,-5.7
ISOETHARINE,-5.7
ISOETHARINE,-5.7
IOPANIC,-5.7
IODOQUINOL,-5.7
IODOQUINOL,-5.7
INOSINE,-5.7
FLOXURIDINE,-5.7
FERULIC,-5.7
FERULIC,-5.7
ETHYLNOREPINEPHRINE,-5.7
ETHYL,-5.7
DINITOLMIDE,-5.7
DIHYDROMYRISTICIN,-5.7
CYTARABINE,-5.7
CLOXYQUIN,-5.7
CLOXYQUIN,-5.7
CLOFIBRIC,-5.7
CLOFIBRATE,-5.7
CHLOROGUANIDE,-5.7
CELLOBIOSE,-5.7
BUTYL,-5.7
BUTAMBEN,-5.7
BROXYQUINOLINE,-5.7
BIOTIN,-5.7
BENZOCAINE,-5.7
BAMBUTEROL,-5.7
AZATHIOPRINE,-5.7
AZATHIOPRINE,-5.7
ASPIRIN,-5.7
ARCAINE,-5.7
AMIPRILOSE,-5.7
ALBUTEROL,-5.7
ALBUTEROL,-5.7
ACETRIAZOIC,-5.7
ACETANILIDE,-5.7
4-AMINOETHYLBENZENESULFONYL,-5.7
3-AMINOBENZAMIDE,-5.7
"2,6-DI-t-BUTYL-4-METHYLPHENOL",-5.7
"2,5-DI-t-BUTYL-4-HYDROXYANISOLE",-5.7
"2,5-DI-t-BUTYL-4-HYDROXYANISOLE",-5.7
"1R,2S-PHENYLPROPYLAMINE",-5.7
"1R,2S-PHENYLPROPYLAMINE",-5.7
1-MONOPALMITIN,-5.7
VERAPAMIL,-5.8
VALERYL,-5.8
TYROSINE,-5.8
TYROSINE,-5.8
TYROSINE,-5.8
TRIFLURALIN,-5.8
TRANYLCYPROMINE,-5.8
TRANYLCYPROMINE,-5.8
TRANYLCYPROMINE,-5.8
TOLAZOLINE,-5.8
THONZYLAMINE,-5.8
THONZYLAMINE,-5.8
THIABENDAZOLE,-5.8
TETRACAINE,-5.8
STREPTOZOSIN,-5.8
SODIUM,-5.8
SCOPOLETIN,-5.8
SALSOLINE,-5.8
SALICIN,-5.8
PYRITHIONE,-5.8
PROCAINAMIDE,-5.8
PRIMAQUINE,-5.8
PRIMAQUINE,-5.8
PRACTOLOL,-5.8
PRACTOLOL,-5.8
PINACIDIL,-5.8
PINACIDIL,-5.8
PERILLYL,-5.8
PERILLYL,-5.8
PENTOLINIUM,-5.8
PENTOLINIUM,-5.8
OXYQUINOLINE,-5.8
OXYQUINOLINE,-5.8
OXYQUINOLINE,-5.8
OXOTREMORINE,-5.8
NITROFURAZONE,-5.8
NEROLIDOL,-5.8
MIDODRINE,-5.8
MIDODRINE,-5.8
MEXILETINE,-5.8
METYROSINE_copy_2,-5.8
METYROSINE_copy_2,-5.8
METYROSINE,-5.8
METOPROLOL,-5.8
METHYLDOPATE,-5.8
METHYLDOPA,-5.8
METHOCARBAMOL,-5.8
METHOCARBAMOL,-5.8
MEFEXAMIDE,-5.8
LIDOCAINE,-5.8
LEVODOPA,-5.8
LEVODOPA,-5.8
KAINIC,-5.8
KAINIC,-5.8
ISOPROTERENOL,-5.8
ISOETHARINE,-5.8
IOPANIC,-5.8
INOSINE,-5.8
HYDRASTININE,-5.8
HEXYLRESORCINOL,-5.8
GABAPENTIN,-5.8
FRAXETIN,-5.8
FENBUTYRAMIDE,-5.8
FENBUTYRAMIDE,-5.8
FAMOTIDINE,-5.8
ETHYLNOREPINEPHRINE,-5.8
DIURON,-5.8
DIHYDROMYRISTICIN,-5.8
DIHYDROJASMONIC,-5.8
DIETHYLTOLUAMIDE,-5.8
CYTARABINE,-5.8
COTININE,-5.8
COTININE,-5.8
CLOFIBRIC,-5.8
CLOFIBRATE,-5.8
CLIOQUINOL,-5.8
CINNAMIC,-5.8
CHLORZOXAZONE,-5.8
CHLORQUINALDOL,-5.8
CHLORQUINALDOL,-5.8
CHLORPROPAMIDE,-5.8
CHLOROXINE,-5.8
CHLOROGUANIDE,-5.8
CETYLPYRIDINIUM,-5.8
CETYLPYRIDINIUM,-5.8
CETRIMONIUM,-5.8
CETRIMONIUM,-5.8
CARBIDOPA,-5.8
CAFFEIC,-5.8
CAFFEIC,-5.8
BROXYQUINOLINE,-5.8
BISOPROLOL,-5.8
BISOPROLOL,-5.8
BIOTIN,-5.8
BAMBUTEROL,-5.8
BAMBUTEROL,-5.8
BAMBUTEROL,-5.8
AZATHIOPRINE,-5.8
AZATHIOPRINE,-5.8
ANTIPYRINE,-5.8
ANABASINE,-5.8
AMINOHIPPURIC,-5.8
AKLOMIDE,-5.8
AKLOMIDE,-5.8
ACECAINIDE,-5.8
4-AMINOETHYLBENZENESULFONYL,-5.8
4-AMINOETHYLBENZENESULFONYL,-5.8
3-ISOBUTYL-1-METHYLXANTHINE,-5.8
3-BROMO-7-NITROINDAZOLE,-5.8
"2,5-DI-t-BUTYL-4-HYDROXYANISOLE",-5.8
"2,4-DICHLOROPHENOXYBUTYRIC",-5.8
1-MONOPALMITIN,-5.8
"1,4-NAPHTHOQUINONE",-5.8
"1,4-NAPHTHOQUINONE",-5.8
VERAPAMIL,-5.9
VALERYL,-5.9
UMBELLIFERONE,-5.9
TRYPTAMINE,-5.9
TRYPTAMINE,-5.9
TRAMADOL,-5.9
TOXAPHENE,-5.9
TOXAPHENE,-5.9
TOXAPHENE,-5.9
THONZYLAMINE,-5.9
THIAMYLAL,-5.9
TETRACAINE,-5.9
SULFACETAMIDE,-5.9
SULFACETAMIDE,-5.9
SODIUM,-5.9
SCOPOLETIN,-5.9
SAFROLE,-5.9
SAFROLE,-5.9
"S-(1,2-DICARBOXYETHYL)GLUTATHIONE",-5.9
"S-(1,2-DICARBOXYETHYL)GLUTATHIONE",-5.9
RISEDRONATE,-5.9
RAMIFENAZONE,-5.9
PROCAINAMIDE,-5.9
PROBENECID,-5.9
PRILOCAINE,-5.9
PINDOLOL,-5.9
PINDOLOL,-5.9
PHOSALONE,-5.9
p-FLUOROPHENYLALANINE,-5.9
PERILLYL,-5.9
PERILLIC,-5.9
PENTOXIFYLLINE,-5.9
PENTOBARBITAL,-5.9
PENTOBARBITAL,-5.9
OXOTREMORINE,-5.9
OSELTAMIVIR,-5.9
NITROMIDE,-5.9
NITROFURANTOIN,-5.9
NIMUSTINE,-5.9
NIMUSTINE,-5.9
NIMUSTINE,-5.9
NIFEDIPINE,-5.9
NEROLIDOL,-5.9
NALIDIXIC,-5.9
MILTEFOSINE,-5.9
MIDODRINE,-5.9
METYROSINE_copy_2,-5.9
METYROSINE,-5.9
METYROSINE,-5.9
METHYLDOPATE,-5.9
METHYLDOPA,-5.9
METHYLDOPA,-5.9
METHOPRENE,-5.9
METHOPRENE,-5.9
METHOCARBAMOL,-5.9
LIDOCAINE,-5.9
LEVAMISOLE,-5.9
JUGLONE,-5.9
ISOSAFROLE,-5.9
ISOPIMPINELLIN,-5.9
ISOPIMPINELLIN,-5.9
IODOQUINOL,-5.9
HYMECROMONE,-5.9
HINOKITIOL,-5.9
HINOKITIOL,-5.9
HEXYLRESORCINOL,-5.9
HARMALINE,-5.9
GRISEOFULVIN,-5.9
GALLAMINE,-5.9
GALLAMINE,-5.9
FURAZOLIDONE,-5.9
FRAXETIN,-5.9
FOSFOSAL,-5.9
FLOXURIDINE,-5.9
FAMOTIDINE,-5.9
FAMCICLOVIR,-5.9
ETHOXZOLAMIDE,-5.9
ETHOXZOLAMIDE,-5.9
DINITOLMIDE,-5.9
DIHYDROJASMONIC,-5.9
DIHYDROJASMONIC,-5.9
DIHYDROJASMONIC,-5.9
DIAZOXIDE,-5.9
DIAZOXIDE,-5.9
CLIOQUINOL,-5.9
CLIOQUINOL,-5.9
CHLORZOXAZONE,-5.9
CHLORQUINALDOL,-5.9
CHLOROXINE,-5.9
CARBIDOPA,-5.9
CAPOBENIC,-5.9
CAPOBENIC,-5.9
CAFFEIC,-5.9
CAFFEIC,-5.9
BUPROPION,-5.9
BROXYQUINOLINE,-5.9
BISOPROLOL,-5.9
BISOPROLOL,-5.9
BIOTIN,-5.9
BENTAZON,-5.9
BENSERAZIDE,-5.9
BACLOFEN,-5.9
ANTIPYRINE,-5.9
ANCITABINE,-5.9
ANABASINE,-5.9
AMRINONE,-5.9
AMRINONE,-5.9
AMINOHIPPURIC,-5.9
ADENOSINE,-5.9
ACECAINIDE,-5.9
ACEBUTOLOL,-5.9
ACEBUTOLOL,-5.9
3-ISOBUTYL-1-METHYLXANTHINE,-5.9
"2,6-DI-t-BUTYL-4-METHYLPHENOL",-5.9
"2,4,5-TRICHLOROPHENOXYACETIC",-5.9
XYLAZINE,-6
XYLAZINE,-6
VISNAGIN,-6
VENLAFAXINE,-6
TRAMADOL,-6
TIMOLOL,-6
TIMOLOL,-6
TIAPRIDE,-6
THONZYLAMINE,-6
THIABENDAZOLE,-6
TETRAMIZOLE,-6
SUCRALOSE,-6
SPECTINOMYCIN,-6
SCOPOLETIN,-6
SACCHARIN,-6
"S-(1,2-DICARBOXYETHYL)GLUTATHIONE",-6
RIBAVIRIN,-6
RAMIFENAZONE,-6
PYRITHIONE,-6
PRILOCAINE,-6
PRILOCAINE,-6
PRACTOLOL,-6
PLUMBAGIN,-6
PISCIDIC,-6
PISCIDIC,-6
PIMPINELLIN,-6
PICROTIN,-6
PHYSOSTIGMINE,-6
PHOSALONE,-6
PHENYLBUTYRIC,-6
PERILLIC,-6
PENTYLENETETRAZOL,-6
PENTOXIFYLLINE,-6
OXOTREMORINE,-6
OSELTAMIVIR,-6
NITROMIDE,-6
NISOLDIPINE,-6
NIFEDIPINE,-6
MOLSIDOMINE,-6
MILTEFOSINE,-6
MILTEFOSINE,-6
MILTEFOSINE,-6
METYROSINE,-6
METHYLENE,-6
METHYLENE,-6
METHYLDOPA,-6
MENADIONE,-6
MENADIONE,-6
MELPHALAN,-6
MELATONIN,-6
KHELLIN,-6
JUGLONE,-6
ISOSAFROLE,-6
ISOBERGAPTENE,-6
HYMECROMONE,-6
HYGROMYCIN,-6
HYDROCHLOROTHIAZIDE,-6
HYDROCHLOROTHIAZIDE,-6
HYDRASTININE,-6
HYDRASTININE,-6
HINOKITIOL,-6
HEXYLRESORCINOL,-6
HARMINE,-6
HARMINE,-6
HARMALINE,-6
HARMALINE,-6
HARMALINE,-6
GUANETHIDINE,-6
GUANETHIDINE,-6
FRAXETIN,-6
FAMCICLOVIR,-6
DICTAMNINE,-6
DESOXYPEGANINE,-6
DESOXYPEGANINE,-6
DEOXYADENOSINE,-6
CULMORIN,-6
CROTAMITON,-6
CLIOQUINOL,-6
CHLORZOXAZONE,-6
CHLORQUINALDOL,-6
CHLORPROPAMIDE,-6
CHLORPROPAMIDE,-6
CHLOROXINE,-6
CHLOROXINE,-6
CHLOROTHIAZIDE,-6
CEFMETAZOLE,-6
BROXYQUINOLINE,-6
BIOTIN,-6
BETAMIPRON,-6
BETAMIPRON,-6
BENSERAZIDE,-6
BATYL,-6
BATYL,-6
AZINPHOS,-6
ANIRACETAM,-6
ANCITABINE,-6
ANCITABINE,-6
ANABASINE,-6
AMRINONE,-6
ADENOSINE,-6
ADENOSINE,-6
"2,6-DI-t-BUTYL-4-METHYLPHENOL",-6
"2',3-DIHYDROXY-4,4',6'-TRIMETHOXYCHALCONE",-6
ZOXAZOLAMINE,-6.1
VISNAGIN,-6.1
VIDARABINE,-6.1
VENLAFAXINE,-6.1
UMBELLIFERONE,-6.1
TRYPTOPHAN,-6.1
TRIPELENNAMINE,-6.1
TRIADIMEFON,-6.1
TRAMADOL,-6.1
TOLBUTAMIDE,-6.1
TOLAZOLINE,-6.1
TODRALAZINE,-6.1
TODRALAZINE,-6.1
TIMOLOL,-6.1
TIAPRIDE,-6.1
TIAPRIDE,-6.1
TIAPRIDE,-6.1
THIAMYLAL,-6.1
THIABENDAZOLE,-6.1
TETRACAINE,-6.1
TEMEFOS,-6.1
SULOCTIDIL,-6.1
SULOCTIDIL,-6.1
SULFAMERAZINE,-6.1
SPECTINOMYCIN,-6.1
SODIUM,-6.1
SALICIN,-6.1
ROXITHROMYCIN,-6.1
ROCCELLIC,-6.1
RIZATRIPTAN,-6.1
RIZATRIPTAN,-6.1
RIZATRIPTAN,-6.1
RIBOSTAMYCIN,-6.1
PYRILAMINE,-6.1
PYRILAMINE,-6.1
PYRILAMINE,-6.1
PRILOCAINE,-6.1
PIMPINELLIN,-6.1
PHYSOSTIGMINE,-6.1
PHYSOSTIGMINE,-6.1
PERILLIC,-6.1
PENTOBARBITAL,-6.1
OXIGLUTATIONE,-6.1
OXIBENDAZOLE,-6.1
NITROFURANTOIN,-6.1
NISOLDIPINE,-6.1
MOLSIDOMINE,-6.1
MOLSIDOMINE,-6.1
MOLSIDOMINE,-6.1
METHOXSALEN,-6.1
MELPHALAN,-6.1
MELATONIN,-6.1
LINCOMYCIN,-6.1
LEVODOPA,-6.1
LEVAMISOLE,-6.1
KHELLIN,-6.1
ISOBERGAPTENE,-6.1
INOSINE,-6.1
IBUPROFEN,-6.1
HYGROMYCIN,-6.1
HYDROCHLOROTHIAZIDE,-6.1
HYDROCHLOROTHIAZIDE,-6.1
HINOKITIOL,-6.1
FURAZOLIDONE,-6.1
FENBUTYRAMIDE,-6.1
FENBUTYRAMIDE,-6.1
EVOXINE,-6.1
ETOMIDATE,-6.1
ESCULETIN,-6.1
ESCULETIN,-6.1
ESCULETIN,-6.1
D-PHENYLALANINE,-6.1
D-PHENYLALANINE,-6.1
DILTIAZEM,-6.1
DIHYDROJASMONIC,-6.1
DAPHNETIN,-6.1
DAPHNETIN,-6.1
CYCLOPENTOLATE,-6.1
CULMORIN,-6.1
CULMORIN,-6.1
COUMARIN,-6.1
COTININE,-6.1
CLARITHROMYCIN,-6.1
CHLOROTHIAZIDE,-6.1
CHLOROTHIAZIDE,-6.1
CHLOROTHIAZIDE,-6.1
CHLOROGUANIDE,-6.1
CHLORDANE,-6.1
CHLORAMPHENICOL,-6.1
CHLORAMPHENICOL,-6.1
CELLOBIOSE,-6.1
CARBINOXAMINE,-6.1
BUTYL,-6.1
BUTAMBEN,-6.1
BISABOLOL,-6.1
BENSERAZIDE,-6.1
BENSERAZIDE,-6.1
BATYL,-6.1
BATYL,-6.1
BACLOFEN,-6.1
BACLOFEN,-6.1
AZINPHOS,-6.1
AVOCADYNE,-6.1
ATENOLOL,-6.1
ATENOLOL,-6.1
ATENOLOL,-6.1
ARBUTIN,-6.1
ANCITABINE,-6.1
ANABASINE,-6.1
AMLODIPINE,-6.1
AMINOPYRINE,-6.1
AMILORIDE,-6.1
ALBENDAZOLE,-6.1
ALBENDAZOLE,-6.1
ALAPROCLATE,-6.1
ALAPROCLATE,-6.1
ACEBUTOLOL,-6.1
ACEBUTOLOL,-6.1
"2,6-DI-t-BUTYL-4-METHYLPHENOL",-6.1
"2,4-DICHLOROPHENOXYBUTYRIC",-6.1
VIDARABINE,-6.2
URSINOIC,-6.2
URSINOIC,-6.2
UMBELLIFERONE,-6.2
TRIADIMEFON,-6.2
TRAMADOL,-6.2
TOLBUTAMIDE,-6.2
THIAMYLAL,-6.2
THIAMPHENICOL,-6.2
TETRAMIZOLE,-6.2
TEMEFOS,-6.2
SULFISOXAZOLE,-6.2
SULFATHIAZOLE,-6.2
SULFATHIAZOLE,-6.2
SULFAMETHOXAZOLE,-6.2
SULFAGUANIDINE,-6.2
SPECTINOMYCIN,-6.2
SIBUTRAMINE,-6.2
SEMUSTINE,-6.2
SACCHARIN,-6.2
RIZATRIPTAN,-6.2
RIBOSTAMYCIN,-6.2
PSEUDO-ANISATIN,-6.2
PROMAZINE,-6.2
PROBENECID,-6.2
PRAMOXINE,-6.2
PRAMOXINE,-6.2
PLUMBAGIN,-6.2
PISCIDIC,-6.2
PIPLARTINE,-6.2
PIPLARTINE,-6.2
PICROTIN,-6.2
PHENYLBUTYRIC,-6.2
p-FLUOROPHENYLALANINE,-6.2
PEUCENIN,-6.2
OXYMETAZOLINE,-6.2
OXIGLUTATIONE,-6.2
OSELTAMIVIR,-6.2
NISOLDIPINE,-6.2
NEROLIDOL,-6.2
NEROLIDOL,-6.2
METHOXSALEN,-6.2
METHOPRENE,-6.2
MELPHALAN,-6.2
MELPHALAN,-6.2
LEVODOPA,-6.2
LAWSONE,-6.2
INDOLE-2-CARBOXYLIC,-6.2
HYDRALAZINE,-6.2
HYDRALAZINE,-6.2
HEXAMETHYLQUERCETAGETIN,-6.2
HARMALOL,-6.2
HALAZONE,-6.2
GUANETHIDINE,-6.2
GUANETHIDINE,-6.2
GEMFIBROZIL,-6.2
FURAZOLIDONE,-6.2
FRAXETIN,-6.2
EVOXINE,-6.2
EVOXINE,-6.2
EUPARIN,-6.2
ETOMIDATE,-6.2
ETOMIDATE,-6.2
ETHOXZOLAMIDE,-6.2
ETHOXZOLAMIDE,-6.2
EDOXUDINE,-6.2
EDOXUDINE,-6.2
DROPROPIZINE,-6.2
DROPROPIZINE,-6.2
DROPROPIZINE,-6.2
DROPROPIZINE,-6.2
D-PHENYLALANINE,-6.2
DOCOSANOL,-6.2
DOCOSANOL,-6.2
DIPROTIN,-6.2
DICTAMNINE,-6.2
DEXCHLORPHENIRAMINE,-6.2
DEOXYADENOSINE,-6.2
DEOXYADENOSINE,-6.2
DAPHNETIN,-6.2
CLONIDINE,-6.2
CLONIDINE,-6.2
CHLORPROPAMIDE,-6.2
CHLOROQUINE,-6.2
CHLOROQUINE,-6.2
CHLORMEZANONE,-6.2
CHLORMEZANONE,-6.2
CHLORAMBUCIL,-6.2
CELLOBIOSE,-6.2
CELLOBIOSE,-6.2
CEDRYL,-6.2
CARBINOXAMINE,-6.2
CARBINOXAMINE,-6.2
CARBIDOPA,-6.2
CARBIDOPA,-6.2
CAPERATIC,-6.2
CAPERATIC,-6.2
BUTACAINE,-6.2
BITHIONATE,-6.2
BISABOLOL,-6.2
BERGAPTEN,-6.2
BENURESTAT,-6.2
BENTAZON,-6.2
BACLOFEN,-6.2
AVOCADYNE,-6.2
ATENOLOL,-6.2
ARBUTIN,-6.2
ANIRACETAM,-6.2
AMRINONE,-6.2
AMLODIPINE,-6.2
AMILORIDE,-6.2
ACECAINIDE,-6.2
4-NONYLPHENOL,-6.2
4-NONYLPHENOL,-6.2
3-HYDROXYCOUMARIN,-6.2
3-BROMO-7-NITROINDAZOLE,-6.2
3-BROMO-7-NITROINDAZOLE,-6.2
1-MONOPALMITIN,-6.2
1-(2-TRIFLUOROMETHYLPHENYL)IMIDAZOLE,-6.2
XANTHURENIC,-6.3
XANTHURENIC,-6.3
XANTHURENIC,-6.3
XANTHURENIC,-6.3
TROPICAMIDE,-6.3
TROPICAMIDE,-6.3
TRIPELENNAMINE,-6.3
TRIMEPRAZINE,-6.3
TOLBUTAMIDE,-6.3
TOLBUTAMIDE,-6.3
THIAMYLAL,-6.3
SULMAZOLE,-6.3
SULFISOXAZOLE,-6.3
SULFISOXAZOLE,-6.3
SULFAPYRIDINE,-6.3
SPHONDIN,-6.3
SPECTINOMYCIN,-6.3
SIBUTRAMINE,-6.3
SIBUTRAMINE,-6.3
ROXITHROMYCIN,-6.3
ROPINIROLE,-6.3
ROCCELLIC,-6.3
RITODRINE,-6.3
RIFAXIMIN,-6.3
RIBOSTAMYCIN,-6.3
RIBOSTAMYCIN,-6.3
RIBAVIRIN,-6.3
PYRILAMINE,-6.3
PROMETHAZINE,-6.3
PROBENECID,-6.3
PROBENECID,-6.3
PRAMOXINE,-6.3
POLYMYXIN,-6.3
PISCIDIC,-6.3
p-FLUOROPHENYLALANINE,-6.3
PEUCENIN,-6.3
PANTETHINE,-6.3
OXYMETAZOLINE,-6.3
OXYMETAZOLINE,-6.3
OXOLINIC,-6.3
OXIGLUTATIONE,-6.3
OXIGLUTATIONE,-6.3
NOBILETIN,-6.3
NAPROXOL,-6.3
NAPROXOL,-6.3
MITOMYCIN,-6.3
MINOXIDIL,-6.3
METHYLPHENIDATE,-6.3
METHYLPHENIDATE,-6.3
METHICILLIN,-6.3
MEPIVACAINE,-6.3
LOBENDAZOLE,-6.3
LOBENDAZOLE,-6.3
LINCOMYCIN,-6.3
LAWSONE,-6.3
LAGOCHILIN,-6.3
KANAMYCIN,-6.3
JUGLONE,-6.3
IBUPROFEN,-6.3
HYDROXYVALERENIC,-6.3
HUMULENE,-6.3
HEXETIDINE,-6.3
HEPTACHLOR,-6.3
HARMALOL,-6.3
HALAZONE,-6.3
GUAIOL(-),-6.3
GRISEOFULVIN,-6.3
GEMFIBROZIL,-6.3
FOSFOSAL,-6.3
FLOXURIDINE,-6.3
FELBAMATE,-6.3
FAMOTIDINE,-6.3
EVOXINE,-6.3
EUPARIN,-6.3
EUPARIN,-6.3
ESCULETIN,-6.3
EDOXUDINE,-6.3
D-PHENYLALANINE,-6.3
DOXYLAMINE,-6.3
DOXYLAMINE,-6.3
DIPYRONE,-6.3
DILTIAZEM,-6.3
DIBUTYL,-6.3
DIBUTYL,-6.3
DAPHNETIN,-6.3
CYCLOPENTOLATE,-6.3
CROTAMITON,-6.3
CLARITHROMYCIN,-6.3
CLARITHROMYCIN,-6.3
CINNAMIC,-6.3
CHLORPHENIRAMINE,-6.3
CHLORPHENIRAMINE,-6.3
CHLOROQUINE,-6.3
CHLOROQUINE,-6.3
CHLORMEZANONE,-6.3
CHLORDANE,-6.3
CHLORAMPHENICOL,-6.3
CHLORAMBUCIL,-6.3
CEFMETAZOLE,-6.3
CEDROL,-6.3
CANTHARIDIN,-6.3
BUTACAINE,-6.3
BUTACAINE,-6.3
BUFEXAMAC,-6.3
BROMPHENIRAMINE,-6.3
BITHIONATE,-6.3
BERGENIN,-6.3
BENURESTAT,-6.3
ARBUTIN,-6.3
ARBUTIN,-6.3
ANIRACETAM,-6.3
AMITRAZ,-6.3
AMINOPYRINE,-6.3
AMANTADINE,-6.3
AMANTADINE,-6.3
AMANTADINE,-6.3
AMANTADINE,-6.3
ALBENDAZOLE,-6.3
ADENOSINE,-6.3
5-CHLOROINDOLE-2-CARBOXYLIC,-6.3
4-(3-BUTOXY-4-METHOXYBENZYL)IMIDAZOLIDIN-2-ONE,-6.3
3-HYDROXYCOUMARIN,-6.3
"2',3-DIHYDROXY-4,4',6'-TRIMETHOXYCHALCONE",-6.3
"2',3-DIHYDROXY-4,4',6'-TRIMETHOXYCHALCONE",-6.3
"2',3-DIHYDROXY-4,4',6'-TRIMETHOXYCHALCONE",-6.3
1-MONOPALMITIN,-6.3
ZILEUTON,-6.4
ZIDOVUDINE,-6.4
VALACYCLOVIR,-6.4
UMBELLIFERONE,-6.4
TRYPTOPHAN,-6.4
TRIPELENNAMINE,-6.4
TRIMETHOBENZAMIDE,-6.4
TRIADIMEFON,-6.4
TOPIRAMATE,-6.4
THIAMPHENICOL,-6.4
SULOCTIDIL,-6.4
SULMAZOLE,-6.4
SULMAZOLE,-6.4
SULFAPYRIDINE,-6.4
SULFAMONOMETHOXINE,-6.4
SULFAMONOMETHOXINE,-6.4
SULFAMETHIZOLE,-6.4
SULFAMETER,-6.4
SULFAGUANIDINE,-6.4
SULFADIAZINE,-6.4
SINOMENINE,-6.4
SINOMENINE,-6.4
SIBUTRAMINE,-6.4
SEMUSTINE,-6.4
ROXITHROMYCIN,-6.4
ROPINIROLE,-6.4
ROPINIROLE,-6.4
ROPINIROLE,-6.4
RITODRINE,-6.4
RIFAMPIN,-6.4
PYRIMETHAMINE,-6.4
PYRIMETHAMINE,-6.4
PUNCTAPORONIN,-6.4
PSEUDO-ANISATIN,-6.4
PROPRANOLOL,-6.4
PRONETALOL,-6.4
PROMETHAZINE,-6.4
PROMAZINE,-6.4
PROMAZINE,-6.4
PRIMIDONE,-6.4
PHYSOSTIGMINE,-6.4
PHENIRAMINE,-6.4
PHENIRAMINE,-6.4
p-FLUOROPHENYLALANINE,-6.4
PEUCENIN,-6.4
PEUCENIN,-6.4
PERGOLIDE,-6.4
PANTETHINE,-6.4
OXOTREMORINE,-6.4
OXIBENDAZOLE,-6.4
OXIBENDAZOLE,-6.4
OSTHOL,-6.4
NYSTATIN,-6.4
NALIDIXIC,-6.4
NADOLOL,-6.4
MITOMYCIN,-6.4
METHOPRENE,-6.4
METHICILLIN,-6.4
MEPIVACAINE,-6.4
LOBENDAZOLE,-6.4
LOBENDAZOLE,-6.4
LINCOMYCIN,-6.4
LINCOMYCIN,-6.4
KASUGAMYCIN,-6.4
JUGLONE,-6.4
JUAREZIC,-6.4
JUAREZIC,-6.4
INOSINE,-6.4
HYDROXYCHLOROQUINE,-6.4
HYDRASTININE,-6.4
HOMATROPINE,-6.4
HEXYLRESORCINOL,-6.4
HEXETIDINE,-6.4
HEPTACHLOR,-6.4
HELICIN,-6.4
HARMOL,-6.4
HARMOL,-6.4
GUANABENZ,-6.4
GUANABENZ,-6.4
GRISEOFULVIN,-6.4
FLOXURIDINE,-6.4
FELBAMATE,-6.4
EXALAMIDE,-6.4
ETOMIDATE,-6.4
ETHOPROPAZINE,-6.4
ETHACRYNIC,-6.4
ETHACRIDINE,-6.4
EDOXUDINE,-6.4
DOXYLAMINE,-6.4
DIPYRONE,-6.4
DIPROTIN,-6.4
DIPROTIN,-6.4
DEXPROPRANOLOL,-6.4
DEXPROPRANOLOL,-6.4
DEXPROPRANOLOL,-6.4
DEXPROPRANOLOL,-6.4
DEOXYADENOSINE,-6.4
DAPSONE,-6.4
DAPSONE,-6.4
CYCLOPENTOLATE,-6.4
CYCLOPENTOLATE,-6.4
COLCHICINE,-6.4
CITALOPRAM,-6.4
CHROMOCARB,-6.4
CHLORPROMAZINE,-6.4
CHLORPHENIRAMINE,-6.4
CHLORAMPHENICOL,-6.4
CHAULMOOGRIC,-6.4
CEPHALOSPORIN,-6.4
CARYOPHYLLENE,-6.4
CARYLOPHYLLENE,-6.4
CARMOFUR,-6.4
CARMOFUR,-6.4
CARBINOXAMINE,-6.4
CARBADOX,-6.4
CANTHARIDIN,-6.4
BUTACAINE,-6.4
BROMPHENIRAMINE,-6.4
BROMPHENIRAMINE,-6.4
BROMHEXINE,-6.4
BOLDINE,-6.4
BITHIONATE,-6.4
BERGAPTOL,-6.4
BERGAPTEN,-6.4
AZOBENZENE,-6.4
AZOBENZENE,-6.4
ANIRACETAM,-6.4
ANAGRELIDE,-6.4
ADENOSINE,-6.4
ADENOSINE,-6.4
ACETYLTRYPTOPHAN,-6.4
ACECAINIDE,-6.4
ABRINE,-6.4
ABRINE,-6.4
ABRINE,-6.4
"5-HYDROXY-2',4',7,8-TETRAMETHOXYFLAVONE",-6.4
5-FLUOROINDOLE-2-CARBOXYLIC,-6.4
5-FLUOROINDOLE-2-CARBOXYLIC,-6.4
4-(3-BUTOXY-4-METHOXYBENZYL)IMIDAZOLIDIN-2-ONE,-6.4
3-HYDROXYCOUMARIN,-6.4
1-PHENYLBIGUANIDE,-6.4
1-PHENYLBIGUANIDE,-6.4
1-PHENYLBIGUANIDE,-6.4
1-(2-TRIFLUOROMETHYLPHENYL)IMIDAZOLE,-6.4
ZOLMITRIPTAN,-6.5
ZILEUTON,-6.5
ZIDOVUDINE,-6.5
VINDOLINE,-6.5
VALACYCLOVIR,-6.5
TRYPTOPHAN,-6.5
TRYPTOPHAN,-6.5
TROPICAMIDE,-6.5
TRIMETHOBENZAMIDE,-6.5
TRIMETHOBENZAMIDE,-6.5
TRIMETHOBENZAMIDE,-6.5
TRIMEPRAZINE,-6.5
TRIMEPRAZINE,-6.5
TOPIRAMATE,-6.5
TOPIRAMATE,-6.5
TICARCILLIN,-6.5
TETRANDRINE,-6.5
TETRAHYDROZOLINE,-6.5
TACRINE,-6.5
SULOCTIDIL,-6.5
SULMAZOLE,-6.5
SULFISOXAZOLE,-6.5
SULFATHIAZOLE,-6.5
SULFATHIAZOLE,-6.5
SULFAPYRIDINE,-6.5
SULFAPYRIDINE,-6.5
SULFAMETHOXAZOLE,-6.5
SULFAMETHOXAZOLE,-6.5
SULFAMETHIZOLE,-6.5
SULFAMETER,-6.5
SULFAMERAZINE,-6.5
SULFADIMETHOXINE,-6.5
SULFADIMETHOXINE,-6.5
SULFADIAZINE,-6.5
SULFADIAZINE,-6.5
SPIRAMYCIN,-6.5
S-ISOCORYDINE,-6.5
ROCCELLIC,-6.5
RILUZOLE,-6.5
RESERPINE,-6.5
RAMIFENAZONE,-6.5
RAMIFENAZONE,-6.5
PUNCTAPORONIN,-6.5
PROPRANOLOL,-6.5
PRONETALOL,-6.5
PRONETALOL,-6.5
PRONETALOL,-6.5
PRAMOXINE,-6.5
PIPERIC,-6.5
PHENAZOPYRIDINE,-6.5
OXOLINIC,-6.5
OXIBENDAZOLE,-6.5
OMEPRAZOLE,-6.5
NORHARMAN,-6.5
NOBILETIN,-6.5
NISOLDIPINE,-6.5
NAPROXOL,-6.5
NAPROXEN(+),-6.5
MONOCROTALINE,-6.5
MITOXANTHRONE,-6.5
MITOXANTHRONE,-6.5
MITOMYCIN,-6.5
MINOXIDIL,-6.5
MINOXIDIL,-6.5
METHYLPHENIDATE,-6.5
METHYLPHENIDATE,-6.5
METHICILLIN,-6.5
METHICILLIN,-6.5
METAXALONE,-6.5
METAXALONE,-6.5
MEMANTINE,-6.5
KOBUSONE,-6.5
KASUGAMYCIN,-6.5
KANAMYCIN,-6.5
IBUPROFEN,-6.5
IBUPROFEN,-6.5
HYDROXYCHLOROQUINE,-6.5
HYDROXYCHLOROQUINE,-6.5
HYDROXYCHLOROQUINE,-6.5
HELICIN,-6.5
GUAIOL(-),-6.5
GRISEOFULVIN,-6.5
GARDENIN,-6.5
GARDENIN,-6.5
FLUTAMIDE,-6.5
FLORFENICOL,-6.5
EXALAMIDE,-6.5
EUPARIN,-6.5
ETHACRYNIC,-6.5
ENDOSULFAN,-6.5
DOXYLAMINE,-6.5
DISOPYRAMIDE,-6.5
DIPYRONE,-6.5
DIPROTIN,-6.5
DIPHENHYDRAMINE,-6.5
DIPHENHYDRAMINE,-6.5
DIOXYBENZONE,-6.5
DIOXYBENZONE,-6.5
DIMENHYDRINATE,-6.5
DIBUCAINE,-6.5
DEFEROXAMINE,-6.5
DEFEROXAMINE,-6.5
DECOQUINATE,-6.5
COUMARIN,-6.5
CLOPIDOGREL,-6.5
CLOPIDOGREL,-6.5
CLINDAMYCIN,-6.5
CLINDAMYCIN,-6.5
CLARITHROMYCIN,-6.5
CICLOPIROX,-6.5
CHLORPROMAZINE,-6.5
CHAULMOOGRIC,-6.5
CEPHALOSPORIN,-6.5
CEFMETAZOLE,-6.5
CEFMETAZOLE,-6.5
CEDRYL,-6.5
CARBADOX,-6.5
CAPERATIC,-6.5
CAPERATIC,-6.5
BUFEXAMAC,-6.5
BROMHEXINE,-6.5
BOLDINE,-6.5
BITHIONATE,-6.5
BERGENIN,-6.5
BERGAPTOL,-6.5
BENZYL,-6.5
BENTAZON,-6.5
AZOBENZENE,-6.5
AZOBENZENE,-6.5
ASPARTAME,-6.5
ANGOLENSIN,-6.5
ANGOLENSIN,-6.5
ANAGRELIDE,-6.5
AMPROLIUM,-6.5
AMITRAZ,-6.5
ADENOSINE,-6.5
ADENOSINE,-6.5
ABRINE,-6.5
5-CHLOROINDOLE-2-CARBOXYLIC,-6.5
5-CHLOROINDOLE-2-CARBOXYLIC,-6.5
4-NONYLPHENOL,-6.5
3-HYDROXYCOUMARIN,-6.5
1-PHENYLBIGUANIDE,-6.5
ZILEUTON,-6.6
ZIDOVUDINE,-6.6
VINDOLINE,-6.6
TRIPELENNAMINE,-6.6
TRICLOSAN,-6.6
TRIADIMEFON,-6.6
TOLMETIN,-6.6
TOLMETIN,-6.6
TOBRAMYCIN,-6.6
TILORONE,-6.6
TACRINE,-6.6
SULFISOXAZOLE,-6.6
SULFAMETHIZOLE,-6.6
SULFAMETHIZOLE,-6.6
SULFAMETER,-6.6
SULFADIMETHOXINE,-6.6
SPIRAMYCIN,-6.6
SPHONDIN,-6.6
SINOMENINE,-6.6
SINENSETIN,-6.6
SEMUSTINE,-6.6
SEMUSTINE,-6.6
QUINACRINE,-6.6
QUINACRINE,-6.6
PSEUDO-ANISATIN,-6.6
PROMAZINE,-6.6
PROBUCOL,-6.6
PRIMIDONE,-6.6
PRENYLETIN,-6.6
PLUMBAGIN,-6.6
PLUMBAGIN,-6.6
PICROTOXININ,-6.6
PHENIRAMINE,-6.6
PHENAZOPYRIDINE,-6.6
PAPAVERINE,-6.6
OXYMETAZOLINE,-6.6
ORPHENADRINE,-6.6
OMEPRAZOLE,-6.6
OLANZAPINE,-6.6
NORHARMAN,-6.6
NIMODIPINE,-6.6
NAPROXEN(+),-6.6
NABUMETONE,-6.6
MYCOPHENOLIC,-6.6
MONOCROTALINE,-6.6
MONOCROTALINE,-6.6
MONOBENZONE,-6.6
MONOBENZONE,-6.6
METAXALONE,-6.6
METAXALONE,-6.6
MEPIVACAINE,-6.6
MEPIVACAINE,-6.6
MEMANTINE,-6.6
MEBEVERINE,-6.6
LOGANIN,-6.6
KOBUSONE,-6.6
KOBUSONE,-6.6
INDOLE-2-CARBOXYLIC,-6.6
INDOLE-2-CARBOXYLIC,-6.6
HYDROXYVALERENIC,-6.6
HARMOL,-6.6
HARMALOL,-6.6
GUAIAZULENE,-6.6
GARDENIN,-6.6
GARDENIN,-6.6
FUROSEMIDE,-6.6
FUROSEMIDE,-6.6
FUROSEMIDE,-6.6
FURAZOLIDONE,-6.6
FUMAZENIL,-6.6
FLUDARABINE,-6.6
FAMOTIDINE,-6.6
EUCATROPINE,-6.6
EFAROXAN,-6.6
DISOPYRAMIDE,-6.6
DISOPYRAMIDE,-6.6
DIPHENHYDRAMINE,-6.6
DIOXYBENZONE,-6.6
DIOXYBENZONE,-6.6
DIMENHYDRINATE,-6.6
DIMENHYDRINATE,-6.6
DIBUCAINE,-6.6
DIBENZOTHIOPHENE,-6.6
DIBENZOTHIOPHENE,-6.6
DEXCHLORPHENIRAMINE,-6.6
DEFEROXAMINE,-6.6
DEFEROXAMINE,-6.6
CLINDAMYCIN,-6.6
CLINDAMYCIN,-6.6
CITICOLINE,-6.6
CINOXACIN,-6.6
CICLOPIROX,-6.6
CHLORAMPHENICOL,-6.6
CHLORAMPHENICOL,-6.6
CHAULMOOGRIC,-6.6
CEFPODOXIME,-6.6
CEFOTAXIME,-6.6
CEDROL,-6.6
CARYOPHYLLENE,-6.6
CARYLOPHYLLENE,-6.6
CARBADOX,-6.6
CAPSAICIN,-6.6
BROMPHENIRAMINE,-6.6
BIXIN,-6.6
BERGENIN,-6.6
BERGAPTOL,-6.6
BENZYL,-6.6
BEKANAMYCIN,-6.6
ATOMOXETINE,-6.6
ATOMOXETINE,-6.6
ASPARTAME,-6.6
ASPARTAME,-6.6
ASPARTAME,-6.6
APRAMYCIN,-6.6
AMITRAZ,-6.6
AMINACRINE,-6.6
AMINACRINE,-6.6
AMBROXOL,-6.6
ALMOTRIPTAN,-6.6
ACRISORCIN,-6.6
ACRISORCIN,-6.6
"5-HYDROXY-2',4',7,8-TETRAMETHOXYFLAVONE",-6.6
4-NONYLPHENOL,-6.6
4-(3-BUTOXY-4-METHOXYBENZYL)IMIDAZOLIDIN-2-ONE,-6.6
"3,4',5,6,7-PENTAMETHOXYFLAVONE",-6.6
ZOLMITRIPTAN,-6.7
ZILEUTON,-6.7
ZIDOVUDINE,-6.7
XYLOMETAZOLINE,-6.7
VINDOLINE,-6.7
TROPICAMIDE,-6.7
TRIOXSALEN,-6.7
TRIMEBUTINE,-6.7
TRIFLURIDINE,-6.7
TRICLOSAN,-6.7
TRICHLORMETHIAZIDE,-6.7
TRICHLORMETHIAZIDE,-6.7
TOPIRAMATE,-6.7
TOLTERODINE,-6.7
TICARCILLIN,-6.7
SULFAMONOMETHOXINE,-6.7
SULFAMONOMETHOXINE,-6.7
SULFAMETHAZINE,-6.7
SULFAMETHAZINE,-6.7
SULFAMETER,-6.7
SULFAMERAZINE,-6.7
SULFADIAZINE,-6.7
SOLIDAGENONE,-6.7
SISOMICIN,-6.7
S-ISOCORYDINE,-6.7
SINOMENINE,-6.7
SINENSETIN,-6.7
SALICYLANILIDE,-6.7
ROXITHROMYCIN,-6.7
ROCCELLIC,-6.7
RITODRINE,-6.7
RIMANTADINE,-6.7
RIMANTADINE,-6.7
RIMANTADINE,-6.7
RIMANTADINE,-6.7
RILUZOLE,-6.7
QUIPAZINE,-6.7
PURPUROGALLIN,-6.7
PTERYXIN,-6.7
PROMETHAZINE,-6.7
PROMETHAZINE,-6.7
PROGLUMIDE,-6.7
PROBUCOL,-6.7
PROBUCOL,-6.7
POLYMYXIN,-6.7
PIPEMIDIC,-6.7
PHENIRAMINE,-6.7
PHENAZOPYRIDINE,-6.7
PHENAZOPYRIDINE,-6.7
PHENACEMIDE,-6.7
PERGOLIDE,-6.7
PAPAVERINE,-6.7
PANTOPRAZOLE,-6.7
OXYBENZONE,-6.7
OSTHOL,-6.7
ORPHENADRINE,-6.7
OMEPRAZOLE,-6.7
OMEPRAZOLE,-6.7
NYSTATIN,-6.7
N-PHENYLANTHRANILIC,-6.7
NONOXYNOL-9,-6.7
NADOLOL,-6.7
NADOLOL,-6.7
NABUMETONE,-6.7
MYCOPHENOLIC,-6.7
MONOBENZONE,-6.7
MINOXIDIL,-6.7
MEBEVERINE,-6.7
MEBEVERINE,-6.7
LAGOCHILIN,-6.7
KOBUSONE,-6.7
KASUGAMYCIN,-6.7
ISOKOBUSONE,-6.7
ISOKOBUSONE,-6.7
INDOLE-2-CARBOXYLIC,-6.7
IMPERATORIN,-6.7
HYGROMYCIN,-6.7
HYCANTHONE,-6.7
HYCANTHONE,-6.7
HEXETIDINE,-6.7
HARMOL,-6.7
HARMALOL,-6.7
GRISEOFULVIC,-6.7
GANGALEOIDIN,-6.7
GANGALEOIDIN,-6.7
FLUDARABINE,-6.7
FLUDARABINE,-6.7
FLUCONAZOLE,-6.7
FLORFENICOL,-6.7
EUCATROPINE,-6.7
ETHOPROPAZINE,-6.7
ETHOPROPAZINE,-6.7
ETHACRIDINE,-6.7
EFAROXAN,-6.7
DOBUTAMINE,-6.7
DISOPYRAMIDE,-6.7
DIPYRONE,-6.7
DIPYRIDAMOLE,-6.7
DIPHENHYDRAMINE,-6.7
DIMENHYDRINATE,-6.7
DILTIAZEM,-6.7
DILOXANIDE,-6.7
DIFFRACTAIC,-6.7
DIBENZOYLMETHANE,-6.7
DERRUSNIN,-6.7
DEMETHYLNOBILETIN,-6.7
DEMETHYLNOBILETIN,-6.7
COLFORSIN,-6.7
COLCHICINE,-6.7
CITICOLINE,-6.7
CINOXACIN,-6.7
CICLOPIROX,-6.7
CHROMOCARB,-6.7
CHLORPROMAZINE,-6.7
CHLORPHENIRAMINE,-6.7
CHLOROGUANIDE,-6.7
CHLORAMPHENICOL,-6.7
CHAULMOOGRIC,-6.7
CEPHALOSPORIN,-6.7
CEFPODOXIME,-6.7
CEFOTAXIME,-6.7
CARMOFUR,-6.7
CARMOFUR,-6.7
BUPIVACAINE,-6.7
BUPIVACAINE,-6.7
BERGAPTOL,-6.7
BENZOYL,-6.7
BEKANAMYCIN,-6.7
ARTENIMOL,-6.7
ANISODAMINE,-6.7
ANISODAMINE,-6.7
AMPROLIUM,-6.7
ALTHIAZIDE,-6.7
ALTHIAZIDE,-6.7
ALTHIAZIDE,-6.7
ALMOTRIPTAN,-6.7
ALISKIREN,-6.7
ALISKIREN,-6.7
ALBENDAZOLE,-6.7
AESCULIN,-6.7
ACTINONIN,-6.7
ACTINONIN,-6.7
ACEPROMAZINE,-6.7
5-CHLOROINDOLE-2-CARBOXYLIC,-6.7
4-METHOXYDALBERGIONE,-6.7
"3,4',5,6,7-PENTAMETHOXYFLAVONE",-6.7
19-HYDROXYTOTAROL,-6.7
ZOMEPIRAC,-6.8
ZOMEPIRAC,-6.8
ZOLMITRIPTAN,-6.8
ZOLMITRIPTAN,-6.8
XYLOMETAZOLINE,-6.8
XANTHONE,-6.8
XANTHONE,-6.8
VIOLASTYRENE,-6.8
VINDOLINE,-6.8
VERAPAMIL,-6.8
VALACYCLOVIR,-6.8
TRIMIPRAMINE,-6.8
TRIMETHOPRIM,-6.8
TRIMETHOPRIM,-6.8
TRIMEPRAZINE,-6.8
TRIMEBUTINE,-6.8
TRIMEBUTINE,-6.8
TRIFLURIDINE,-6.8
TRICLOSAN,-6.8
TOBRAMYCIN,-6.8
TIOCONAZOLE,-6.8
TICLOPIDINE,-6.8
TICLOPIDINE,-6.8
TICLOPIDINE,-6.8
TICARCILLIN,-6.8
TICARCILLIN,-6.8
SUPROFEN,-6.8
SULPIRIDE,-6.8
SULFISOXAZOLE,-6.8
SULFAPHENAZOLE,-6.8
SULFAMETHOXYPYRIDAZINE,-6.8
SULFAMETHOXYPYRIDAZINE,-6.8
SULFAMETHOXAZOLE,-6.8
SULFAMETHAZINE,-6.8
SULFAMETHAZINE,-6.8
SULFACHLORPYRIDAZINE,-6.8
SOLIDAGENONE,-6.8
SISOMICIN,-6.8
SISOMICIN,-6.8
SALICYLANILIDE,-6.8
RITODRINE,-6.8
RAMELTEON,-6.8
QUIPAZINE,-6.8
QUINACRINE,-6.8
PURPUROGALLIN,-6.8
PTERYXIN,-6.8
PSEUDO-ANISATIN,-6.8
PROGLUMIDE,-6.8
PROBUCOL,-6.8
PRENYLETIN,-6.8
PRENYLETIN,-6.8
PIROMIDIC,-6.8
PIPLARTINE,-6.8
PIPLARTINE,-6.8
PIPEMIDIC,-6.8
PIPEMIDIC,-6.8
PIPEMIDIC,-6.8
PHENYL,-6.8
PHENYL,-6.8
PERINDOPRIL,-6.8
OXYBENZONE,-6.8
OXETHAZAINE,-6.8
ORPHENADRINE,-6.8
ONONETIN,-6.8
OLANZAPINE,-6.8
N-PHENYLANTHRANILIC,-6.8
NONOXYNOL-9,-6.8
NIMODIPINE,-6.8
NAPROXOL,-6.8
NAPROXEN(+),-6.8
NADOLOL,-6.8
MONOBENZONE,-6.8
MITOMYCIN,-6.8
MECLOFENAMATE,-6.8
LEOIDIN,-6.8
ISOKOBUSONE,-6.8
IMPERATORIN,-6.8
IMIPRAMINE,-6.8
IMIPRAMINE,-6.8
HYDROFLUMETHIAZIDE,-6.8
HUMULENE,-6.8
HOMOPTEROCARPIN,-6.8
HEXETIDINE,-6.8
HEXAMETHYLQUERCETAGETIN,-6.8
HEPTACHLOR,-6.8
HARMANE,-6.8
GENTIAN,-6.8
GENTIAN,-6.8
GALANTHAMINE,-6.8
GALANTHAMINE,-6.8
FUROSEMIDE,-6.8
FUMAZENIL,-6.8
FLUTAMIDE,-6.8
FLUDARABINE,-6.8
FLUCONAZOLE,-6.8
ENOXACIN,-6.8
ENOXACIN,-6.8
EFAROXAN,-6.8
DOBUTAMINE,-6.8
DEMETHYLNOBILETIN,-6.8
COLFORSIN,-6.8
CITICOLINE,-6.8
CITICOLINE,-6.8
CITALOPRAM,-6.8
CICLOPIROX,-6.8
CHLORPROMAZINE,-6.8
CHLORDANE,-6.8
CHLORAMPHENICOL,-6.8
CEPHALOTHIN,-6.8
CEPHALOTHIN,-6.8
CARYLOPHYLLENE,-6.8
CARBETAPENTANE,-6.8
CARBETAPENTANE,-6.8
BUPIVACAINE,-6.8
BROMHEXINE,-6.8
BROMHEXINE,-6.8
BENZOYL,-6.8
BEKANAMYCIN,-6.8
AMLODIPINE,-6.8
AMINOGLUTETHIMIDE,-6.8
AMBROXOL,-6.8
AMBROXOL,-6.8
AMBROXOL,-6.8
ALTHIAZIDE,-6.8
ALISKIREN,-6.8
ACEPROMAZINE,-6.8
ACEPROMAZINE,-6.8
"5-HYDROXY-2',4',7,8-TETRAMETHOXYFLAVONE",-6.8
"5-HYDROXY-2',4',7,8-TETRAMETHOXYFLAVONE",-6.8
4-(3-BUTOXY-4-METHOXYBENZYL)IMIDAZOLIDIN-2-ONE,-6.8
2-METHOXYXANTHONE,-6.8
"2',5'-DIHYDROXY-4-METHOXYCHALCONE",-6.8
"1-HYDROXY-3,6,7-TRIMETHOXY-2,8-DIPRENYLXANTHONE",-6.8
19-HYDROXYTOTAROL,-6.8
TRIOXSALEN,-6.9
TRIMIPRAMINE,-6.9
TRIMEBUTINE,-6.9
TRICLOSAN,-6.9
TRICHLORMETHIAZIDE,-6.9
TOLFENAMIC,-6.9
TILORONE,-6.9
TETRAHYDROZOLINE,-6.9
TETRAHYDROZOLINE,-6.9
TETRAC,-6.9
TETRAC,-6.9
TETRAC,-6.9
TERAZOSIN,-6.9
TANGERITIN,-6.9
TANGERITIN,-6.9
SUPROFEN,-6.9
SULPIRIDE,-6.9
SULPIRIDE,-6.9
SULFAMETHOXYPYRIDAZINE,-6.9
SULFAMERAZINE,-6.9
SULFADIMETHOXINE,-6.9
SULFACHLORPYRIDAZINE,-6.9
SULFABENZAMIDE,-6.9
SULFABENZAMIDE,-6.9
SPARTEINE,-6.9
S-ISOCORYDINE,-6.9
SALICYLANILIDE,-6.9
SALICYLANILIDE,-6.9
RIFAXIMIN,-6.9
RAMELTEON,-6.9
RABEPRAZOLE,-6.9
RABEPRAZOLE,-6.9
QUIPAZINE,-6.9
QUINACRINE,-6.9
PTAEROXYLIN,-6.9
PROGLUMIDE,-6.9
PRENYLETIN,-6.9
PRAZOSIN,-6.9
PIPERIC,-6.9
PHENYL,-6.9
PHENACEMIDE,-6.9
PERINDOPRIL,-6.9
OXYBENZONE,-6.9
ONONETIN,-6.9
ONONETIN,-6.9
OLANZAPINE,-6.9
NYSTATIN,-6.9
NYSTATIN,-6.9
NORFLOXACIN,-6.9
NORFLOXACIN,-6.9
NIMODIPINE,-6.9
NIALAMIDE,-6.9
NIALAMIDE,-6.9
MYCOPHENOLIC,-6.9
MUNDOSERONE,-6.9
METHYLATROPINE,-6.9
METHYLATROPINE,-6.9
MECLOFENAMATE,-6.9
MEBEVERINE,-6.9
LOGANIN,-6.9
LEUCODIN,-6.9
LEOIDIN,-6.9
IPRATROPIUM,-6.9
IMIPRAMINE,-6.9
HYGROMYCIN,-6.9
HOMATROPINE,-6.9
HARMANE,-6.9
GARDENIN,-6.9
ETODOLAC,-6.9
ETODOLAC,-6.9
ETHOPROPAZINE,-6.9
ESCULIN,-6.9
EPI(13)TORULOSOL,-6.9
ENOXACIN,-6.9
DILTIAZEM,-6.9
DIFFRACTAIC,-6.9
DICHLOROPHENE,-6.9
DICHLOROPHENE,-6.9
DIBUCAINE,-6.9
DIBUCAINE,-6.9
DIBENZOYLMETHANE,-6.9
DEXTROMETHORPHAN,-6.9
DESACETYLCOLFORSIN,-6.9
DEMETHYLNOBILETIN,-6.9
DECOQUINATE,-6.9
CYCLOHEXIMIDE,-6.9
CULMORIN,-6.9
CRINAMINE,-6.9
CORALYNE,-6.9
CHLORMEZANONE,-6.9
CHLORAMPHENICOL,-6.9
CHLORAMPHENICOL,-6.9
CHAULMOOGRIC,-6.9
CHAULMOOGRIC,-6.9
CHAULMOOGRIC,-6.9
CEPHAPIRIN,-6.9
CEPHALOSPORIN,-6.9
CEFOXITIN,-6.9
CEDRYL,-6.9
CEDRYL,-6.9
CARBETAPENTANE,-6.9
CARBETAPENTANE,-6.9
CARBADOX,-6.9
CAPSAICIN,-6.9
BUPIVACAINE,-6.9
BOLDINE,-6.9
BIOCHANIN,-6.9
BIOCHANIN,-6.9
BERGENIN,-6.9
BENZBROMARONE,-6.9
ATOMOXETINE,-6.9
ARTEMISIN,-6.9
AMOXICILLIN,-6.9
AMLODIPINE,-6.9
AMINOGLUTETHIMIDE,-6.9
ALMOTRIPTAN,-6.9
ACTINONIN,-6.9
5-FLUOROINDOLE-2-CARBOXYLIC,-6.9
"5,7-DIMETHOXYISOFLAVONE",-6.9
19-HYDROXYTOTAROL,-6.9
XANTHYLETIN,-7
VIOLASTYRENE,-7
VERAPAMIL,-7
VALACYCLOVIR,-7
TRICHLORMETHIAZIDE,-7
TOLTERODINE,-7
TOBRAMYCIN,-7
TIOCONAZOLE,-7
TIOCONAZOLE,-7
TETRAC,-7
TERAZOSIN,-7
TENOXICAM,-7
TEGASEROD,-7
TEGASEROD,-7
SULFANITRAN,-7
SULFAMETHOXYPYRIDAZINE,-7
SUCCINYLSULFATHIAZOLE,-7
SUCCINYLSULFATHIAZOLE,-7
SPARTEINE,-7
SOLIDAGENONE,-7
SISOMICIN,-7
SALSALATE,-7
RIBOFLAVIN,-7
RESVERATROL,-7
RABEPRAZOLE,-7
QUASSIN,-7
PURPUROGALLIN,-7
PTAEROXYLIN,-7
PTAEROXYLIN,-7
PROCYCLIDINE,-7
PRAVASTATIN,-7
PICROTOXININ,-7
PHENTOLAMINE,-7
PHENFORMIN,-7
PERINDOPRIL,-7
PERGOLIDE,-7
PEFLOXACINE,-7
PEFLOXACINE,-7
PEFLOXACINE,-7
PEFLOXACINE,-7
OXYBENZONE,-7
ORPHENADRINE,-7
ORLISTAT,-7
ORLISTAT,-7
ONONETIN,-7
NORFLOXACIN,-7
NOMIFENSINE,-7
NIMODIPINE,-7
NAPHAZOLINE,-7
NAFRONYL,-7
MYCOPHENOLIC,-7
MUPIROCIN,-7
MONOCROTALINE,-7
METHOXYCHLOR,-7
MELOXICAM,-7
LIOTHYRONINE,-7
LIOTHYRONINE,-7
LEUCODIN,-7
LAPACHOL,-7
LAMOTRIGINE,-7
KANAMYCIN,-7
IPRATROPIUM,-7
HYDROFLUMETHIAZIDE,-7
HYCANTHONE,-7
HOMATROPINE,-7
HEXACHLOROPHENE,-7
GUAIAZULENE,-7
GRISEOFULVIC,-7
GARDENIN,-7
GARDENIN,-7
FORMONONETIN,-7
FLUMEQUINE,-7
FENOTEROL,-7
FENOTEROL,-7
EUCATROPINE,-7
ESCULIN,-7
EPIAFZELECHIN,-7
EPI(13)TORULOSOL,-7
ENOXACIN,-7
ENDOSULFAN,-7
EFAROXAN,-7
DYCLONINE,-7
DYCLONINE,-7
DROFENINE,-7
DIPYRIDAMOLE,-7
DILOXANIDE,-7
DIETHYLSTILBESTROL,-7
DIETHYLSTILBESTROL,-7
DIETHYLSTILBESTROL,-7
DIETHYLSTILBESTROL,-7
DICYCLOMINE,-7
DICYCLOMINE,-7
DICYCLOMINE,-7
DICYCLOMINE,-7
DESIPRAMINE,-7
DESIPRAMINE,-7
DERRUSNIN,-7
DECOQUINATE,-7
CROMOLYN,-7
CROMOLYN,-7
CLOPAMIDE,-7
CHOLIC,-7
CHLORPROTHIXENE,-7
CHLORCYCLIZINE,-7
CEPHAPIRIN,-7
CEPHALOTHIN,-7
CEFPODOXIME,-7
CEFOXITIN,-7
CAPSAICIN,-7
BUMETANIDE,-7
BIOCHANIN,-7
BIOCHANIN,-7
BIOCHANIN,-7
BENZYDAMINE,-7
BENZYDAMINE,-7
BENZYDAMINE,-7
BENZOYLPAS,-7
BENZBROMARONE,-7
BENZBROMARONE,-7
ATOMOXETINE,-7
ARTENIMOL,-7
APRAMYCIN,-7
ANGOLENSIN,-7
AMITRAZ,-7
ALVERINE,-7
ALVERINE,-7
ALISKIREN,-7
ALFLUZOSIN,-7
ALFLUZOSIN,-7
AESCULIN,-7
ACTINONIN,-7
ACRIFLAVINIUM,-7
ACETYLTRYPTOPHAN,-7
ACEPROMAZINE,-7
"6,4'-DIMETHOXYFLAVONE",-7
4-METHOXYDALBERGIONE,-7
2-METHOXYXANTHONE,-7
"1-HYDROXY-3,6,7-TRIMETHOXY-2,8-DIPRENYLXANTHONE",-7
ZAPRINAST,-7.1
ZAPRINAST,-7.1
UTILIN,-7.1
TRIMIPRAMINE,-7.1
TRIFLURIDINE,-7.1
TOBRAMYCIN,-7.1
TIOCONAZOLE,-7.1
TILORONE,-7.1
TILORONE,-7.1
TICLOPIDINE,-7.1
TENOXICAM,-7.1
SUPROFEN,-7.1
SULFAPHENAZOLE,-7.1
SULFANITRAN,-7.1
SPARTEINE,-7.1
SALSALATE,-7.1
RESVERATROL,-7.1
QUASSIN,-7.1
PURPUROGALLIN,-7.1
PROPAFENONE,-7.1
PROGLUMIDE,-7.1
PROCYCLIDINE,-7.1
PRAZOSIN,-7.1
PIROMIDIC,-7.1
PHENOXYBENZAMINE,-7.1
PHENOXYBENZAMINE,-7.1
PHENFORMIN,-7.1
PHENFORMIN,-7.1
PHENFORMIN,-7.1
PERINDOPRIL,-7.1
PERHEXILINE,-7.1
PERGOLIDE,-7.1
OMEGA-3-ACID,-7.1
OMEGA-3-ACID,-7.1
OLANZAPINE,-7.1
NAPROXEN(+),-7.1
NAPHAZOLINE,-7.1
NAFRONYL,-7.1
MUPIROCIN,-7.1
MUNDOSERONE,-7.1
MITOTANE,-7.1
MINOCYCLINE,-7.1
METHOXYCHLOR,-7.1
MELOXICAM,-7.1
LUPANINE,-7.1
LEVOFLOXACIN,-7.1
LECANORIC,-7.1
LAPACHOL,-7.1
KASUGAMYCIN,-7.1
KANAMYCIN,-7.1
ISOPROPAMIDE,-7.1
ISOPROPAMIDE,-7.1
ISOLIQUIRITIGENIN,-7.1
IPRATROPIUM,-7.1
HYOSCYAMINE,-7.1
HYOSCYAMINE,-7.1
HYCANTHONE,-7.1
HOMATROPINE,-7.1
HEXESTROL,-7.1
HEXACHLOROPHENE,-7.1
HESPERETIN,-7.1
HELENINE,-7.1
GRAYANOTOXIN,-7.1
GINKGOLIC,-7.1
GENTIOPICROSIDE,-7.1
GATIFLOXACIN,-7.1
GATIFLOXACIN,-7.1
GANGALEOIDIN,-7.1
GALANTHAMINE,-7.1
FORMONONETIN,-7.1
FLUMEQUINE,-7.1
FENSPIRIDE,-7.1
FENOTEROL,-7.1
FENOPROFEN,-7.1
EUCATROPINE,-7.1
ETODOLAC,-7.1
ETHAVERINE,-7.1
ETHAVERINE,-7.1
DYCLONINE,-7.1
DULOXETINE,-7.1
DROFENINE,-7.1
DIPHENYLUREA,-7.1
DIPHENYLUREA,-7.1
DIFFRACTAIC,-7.1
DIFFRACTAIC,-7.1
DICHLOROPHENE,-7.1
DICHLOROPHENE,-7.1
DESACETYLCOLFORSIN,-7.1
DECOQUINATE,-7.1
DAIDZEIN,-7.1
CRINAMINE,-7.1
CLOMIPRAMINE,-7.1
CHLORPROTHIXENE,-7.1
CHAULMOOGRIC,-7.1
CEPHAPIRIN,-7.1
CEFUROXIME,-7.1
CEFOTAXIME,-7.1
CEFOTAXIME,-7.1
CEFADROXIL,-7.1
CARPROFEN,-7.1
CARNOSIC,-7.1
CAPSAICIN,-7.1
BUMETANIDE,-7.1
BLASTICIDIN,-7.1
BIXIN,-7.1
BENZYDAMINE,-7.1
BENZOYLPAS,-7.1
BENFLUOREX,-7.1
BENFLUOREX,-7.1
BEKANAMYCIN,-7.1
BACCATIN,-7.1
BACAMPICILLIN,-7.1
BACAMPICILLIN,-7.1
ARTENIMOL,-7.1
ARTEMISININ,-7.1
APRAMYCIN,-7.1
ANTHRAQUINONE,-7.1
ANISODAMINE,-7.1
ANISODAMINE,-7.1
AMOXICILLIN,-7.1
AMINOGLUTETHIMIDE,-7.1
ALVERINE,-7.1
ALMOTRIPTAN,-7.1
AESCULIN,-7.1
ACRIFLAVINIUM,-7.1
ACONITINE,-7.1
ACONITINE,-7.1
ACETYLTRYPTOPHAN,-7.1
"6,4'-DIMETHOXYFLAVONE",-7.1
"3-HYDROXY-3',4'-DIMETHOXYFLAVONE",-7.1
"2',4'-DIHYDROXYCHALCONE",-7.1
"1-HYDROXY-3,6,7-TRIMETHOXY-2,8-DIPRENYLXANTHONE",-7.1
19-HYDROXYTOTAROL,-7.1
VIOLASTYRENE,-7.2
UTILIN,-7.2
URIDINE,-7.2
URIDINE,-7.2
URAPIDIL,-7.2
TOLTERODINE,-7.2
TOLTERODINE,-7.2
THERMOPSINE,-7.2
TEGASEROD,-7.2
SULFACHLORPYRIDAZINE,-7.2
SULFACHLORPYRIDAZINE,-7.2
S-ISOCORYDINE,-7.2
SANTONIN,-7.2
SALSALATE,-7.2
ROBUSTIC,-7.2
RETINOL,-7.2
RESERPINE,-7.2
QUIPAZINE,-7.2
PROCYCLIDINE,-7.2
PRAVASTATIN,-7.2
PHENYL,-7.2
PHENTOLAMINE,-7.2
PHENTOLAMINE,-7.2
PERPHENAZINE,-7.2
PERPHENAZINE,-7.2
PENICILLIN,-7.2
PARTHENOLIDE,-7.2
PANTOPRAZOLE,-7.2
OFLOXACIN,-7.2
OFLOXACIN,-7.2
OBTUSAQUINONE,-7.2
NOSCAPINE,-7.2
NORFLOXACIN,-7.2
NOMIFENSINE,-7.2
NOMIFENSINE,-7.2
NILUTAMIDE,-7.2
NEFOPAM,-7.2
MITOXANTHRONE,-7.2
MITOTANE,-7.2
MEFENAMIC,-7.2
LOMEFLOXACIN,-7.2
LIOTHYRONINE,-7.2
LIOTHYRONINE,-7.2
LEVOTHYROXINE,-7.2
LEVOTHYROXINE,-7.2
LECANORIC,-7.2
LECANORIC,-7.2
LANATOSIDE,-7.2
LAMOTRIGINE,-7.2
KOPARIN,-7.2
KOPARIN,-7.2
KETOROLAC,-7.2
ISOXSUPRINE,-7.2
ISOLIQUIRITIGENIN,-7.2
ISOKOBUSONE,-7.2
IRIDIN,-7.2
IRIDIN,-7.2
HYDROXYPROGESTERONE,-7.2
HYDROFLUMETHIAZIDE,-7.2
HYDROFLUMETHIAZIDE,-7.2
HYDROCORTISONE,-7.2
HYDROCORTISONE,-7.2
HOMOPTEROCARPIN,-7.2
HEXESTROL,-7.2
HEXESTROL,-7.2
HEXACHLOROPHENE,-7.2
HEXACHLOROPHENE,-7.2
HESPERETIN,-7.2
GRAYANOTOXIN,-7.2
GLAFENINE,-7.2
GATIFLOXACIN,-7.2
GARDENIN,-7.2
GALANTHAMINE,-7.2
FUSIDIC,-7.2
FUMAZENIL,-7.2
FORMONONETIN,-7.2
FORMONONETIN,-7.2
FENOTEROL,-7.2
FENOPROFEN,-7.2
ETODOLAC,-7.2
ESCULIN,-7.2
EPIGALLOCATECHIN,-7.2
EPIAFZELECHIN,-7.2
EPI(13)TORULOSOL,-7.2
ENDOSULFAN,-7.2
DULOXETINE,-7.2
DULOXETINE,-7.2
DULOXETINE,-7.2
DROFENINE,-7.2
DOXEPIN,-7.2
DOXEPIN,-7.2
DOBUTAMINE,-7.2
DOBUTAMINE,-7.2
DANTHRON,-7.2
CURCUMIN,-7.2
CURCUMIN,-7.2
CLOPIDOGREL,-7.2
CLOPIDOGREL,-7.2
CLOMIPRAMINE,-7.2
CITALOPRAM,-7.2
CHOLIC,-7.2
CEPHAPIRIN,-7.2
CEPHALOTHIN,-7.2
CEPHALOTAXINE,-7.2
CEPHALOTAXINE,-7.2
CEPHALEXIN,-7.2
CEFTIBUTEN,-7.2
CEFPODOXIME,-7.2
CEFDINIR,-7.2
CEFADROXIL,-7.2
CARPROFEN,-7.2
BOLDINE,-7.2
BLASTICIDIN,-7.2
BENZOYLPAS,-7.2
BENFLUOREX,-7.2
BENFLUOREX,-7.2
BACAMPICILLIN,-7.2
ARTENIMOL,-7.2
ARTEMISININ,-7.2
ARTEMISIN,-7.2
APRAMYCIN,-7.2
ANTHRAQUINONE,-7.2
ANTAZOLINE,-7.2
ANISINDIONE,-7.2
ANGOLENSIN,-7.2
ANABASAMINE,-7.2
AMOXICILLIN,-7.2
AMODIAQUINE,-7.2
ALVERINE,-7.2
alpha-TOCHOPHERYL,-7.2
ALIZARIN,-7.2
ALFLUZOSIN,-7.2
ALFLUZOSIN,-7.2
AESCULIN,-7.2
ACETYLTRYPTOPHAN,-7.2
ACEDAPSONE,-7.2
5-FLUOROINDOLE-2-CARBOXYLIC,-7.2
"5,7-DIHYDROXYISOFLAVONE",-7.2
4'-METHOXYFLAVONE,-7.2
4'-METHOXYFLAVONE,-7.2
4'-METHOXYCHALCONE,-7.2
"3-HYDROXY-3',4'-DIMETHOXYFLAVONE",-7.2
"3-HYDROXY-3',4'-DIMETHOXYFLAVONE",-7.2
"3',4'-DIMETHOXYFLAVONE",-7.2
"3',4'-DIMETHOXYFLAVONE",-7.2
"1-HYDROXY-3,6,7-TRIMETHOXY-2,8-DIPRENYLXANTHONE",-7.2
ZAPRINAST,-7.3
UTILIN,-7.3
UTILIN,-7.3
URIDINE,-7.3
TRIFLURIDINE,-7.3
TOLFENAMIC,-7.3
TETRACYCLINE,-7.3
TENOXICAM,-7.3
TENOXICAM,-7.3
TEGASEROD,-7.3
SUPROFEN,-7.3
SULPIRIDE,-7.3
SANTONIN,-7.3
SALSALATE,-7.3
RIBOFLAVIN,-7.3
RIBOFLAVIN,-7.3
RESVERATROL,-7.3
PTAEROXYLIN,-7.3
PROPAFENONE,-7.3
PROCYCLIDINE,-7.3
PROCHLORPERAZINE,-7.3
PRAZOSIN,-7.3
PHENOXYBENZAMINE,-7.3
PENICILLIN,-7.3
OXYBUTYNIN,-7.3
NILUTAMIDE,-7.3
NILUTAMIDE,-7.3
NIFENAZONE,-7.3
NICLOSAMIDE,-7.3
NICLOSAMIDE,-7.3
NARINGENIN,-7.3
NARINGENIN,-7.3
MOXALACTAM,-7.3
MODAFINIL,-7.3
LORGLUMIDE,-7.3
LEVOFLOXACIN,-7.3
LEOIDIN,-7.3
LECANORIC,-7.3
KHAYANTHONE,-7.3
KETOROLAC,-7.3
HYOSCYAMINE,-7.3
HYDROXYPROGESTERONE,-7.3
HYDROCORTISONE,-7.3
HYDRASTINE,-7.3
HEXESTROL,-7.3
GERALDOL,-7.3
GEMIFLOXACIN,-7.3
GANGALEOIDIN,-7.3
FIPRONIL,-7.3
ESCULIN,-7.3
ERGONOVINE,-7.3
EPIGALLOCATECHIN,-7.3
EPICATECHIN,-7.3
EPIAFZELECHIN,-7.3
EPI(13)TORULOSOL,-7.3
ENDOSULFAN,-7.3
DROFENINE,-7.3
DIFLUNISAL,-7.3
DICLOFENAC,-7.3
DEXTROMETHORPHAN,-7.3
CYCLOHEXIMIDE,-7.3
CYCLIZINE,-7.3
CURCUMIN,-7.3
CORALYNE,-7.3
CLOPAMIDE,-7.3
CIANIDANOL,-7.3
CIANIDANOL,-7.3
CHLOROTRIANISENE,-7.3
CHLORCYCLIZINE,-7.3
CHLORCYCLIZINE,-7.3
CEPHALEXIN,-7.3
CEFUROXIME,-7.3
CEFUROXIME,-7.3
CEFUROXIME,-7.3
CEFTIBUTEN,-7.3
CEFADROXIL,-7.3
CEFADROXIL,-7.3
CARPROFEN,-7.3
BUMETANIDE,-7.3
BUMETANIDE,-7.3
BIOCHANIN,-7.3
BEPRIDIL,-7.3
BENZETHONIUM,-7.3
BENZETHONIUM,-7.3
BENTAZON,-7.3
BAEOMYCESIC,-7.3
BAEOMYCESIC,-7.3
BACCATIN,-7.3
ARTHONIOIC,-7.3
ANTAZOLINE,-7.3
ANABASAMINE,-7.3
AMODIAQUINE,-7.3
AMINOGLUTETHIMIDE,-7.3
alpha-TOCHOPHERYL,-7.3
alpha-MANGOSTIN,-7.3
ALCLOMETAZONE,-7.3
ADIPHENINE,-7.3
ADIPHENINE,-7.3
ACEDAPSONE,-7.3
ACACETIN,-7.3
4'-METHOXYCHALCONE,-7.3
4'-HYDROXYCHALCONE,-7.3
"4,4'-DIISOTHIOCYANOSTILBENE-2,2'-SUFONIC",-7.3
"4,4'-DIISOTHIOCYANOSTILBENE-2,2'-SUFONIC",-7.3
"3-HYDROXY-3',4'-DIMETHOXYFLAVONE",-7.3
"2',4'-DIHYDROXYCHALCONE",-7.3
ZAPRINAST,-7.4
VIOLASTYRENE,-7.4
VESAMICOL,-7.4
URIDINE,-7.4
URAPIDIL,-7.4
UBIDECARENEONE,-7.4
TRIFLUPROMAZINE,-7.4
TRIFLUPROMAZINE,-7.4
TRIFLUPROMAZINE,-7.4
TRIAMTERENE,-7.4
TRIACETYLRESVERATROL,-7.4
TRIACETYLRESVERATROL,-7.4
THERMOPSINE,-7.4
THERMOPSINE,-7.4
THALIDOMIDE,-7.4
TETRAHYDROZOLINE,-7.4
SULFAPHENAZOLE,-7.4
SULFAPHENAZOLE,-7.4
SUCCINYLSULFATHIAZOLE,-7.4
SUCCINYLSULFATHIAZOLE,-7.4
SPIRAMYCIN,-7.4
SOLANESOL,-7.4
RIBOFLAVIN,-7.4
RESVERATROL,-7.4
QUININE,-7.4
QUINIDINE,-7.4
PUROMYCIN,-7.4
PUROMYCIN,-7.4
PUROMYCIN,-7.4
PROPANTHELINE,-7.4
PROPANTHELINE,-7.4
PHENTOLAMINE,-7.4
PHENOXYBENZAMINE,-7.4
PHENETHICILLIN,-7.4
PENICILLIN,-7.4
PARTHENOLIDE,-7.4
PANTOPRAZOLE,-7.4
PANTOPRAZOLE,-7.4
OXETHAZAINE,-7.4
OFLOXACIN,-7.4
OFLOXACIN,-7.4
NYLIDRIN,-7.4
NOSCAPINE,-7.4
NILUTAMIDE,-7.4
NICLOSAMIDE,-7.4
NICLOSAMIDE,-7.4
NARINGENIN,-7.4
NARINGENIN,-7.4
MOXIFLOXACIN,-7.4
MITOXANTHRONE,-7.4
MITOTANE,-7.4
METHYLERGONOVINE,-7.4
METAMPICILLIN,-7.4
MELOXICAM,-7.4
MELOXICAM,-7.4
LUPANINE,-7.4
LUPANINE,-7.4
LUPANINE,-7.4
LOMEFLOXACIN,-7.4
LISINOPRIL,-7.4
LISINOPRIL,-7.4
LEVOTHYROXINE,-7.4
LEVOTHYROXINE,-7.4
LEFLUNOMIDE,-7.4
KOPARIN,-7.4
KETOROLAC,-7.4
ISOXSUPRINE,-7.4
IRIDIN,-7.4
IRIDIN,-7.4
IPRATROPIUM,-7.4
INDOPROFEN,-7.4
HYDROXYPROGESTERONE,-7.4
HYDROXYPROGESTERONE,-7.4
HYDRASTINE,-7.4
HESPERETIN,-7.4
GLAFENINE,-7.4
GLAFENINE,-7.4
GENISTEIN,-7.4
GENISTEIN,-7.4
FUSIDIC,-7.4
FLURBIPROFEN,-7.4
FLURBIPROFEN,-7.4
FIPRONIL,-7.4
FENSPIRIDE,-7.4
FENOPROFEN,-7.4
FENBENDAZOLE,-7.4
FENBENDAZOLE,-7.4
ERGONOVINE,-7.4
ERGONOVINE,-7.4
ENROFLOXACIN,-7.4
DYCLONINE,-7.4
DOXEPIN,-7.4
DIPLOSALSALATE,-7.4
DIOSMETIN,-7.4
DIFLUNISAL,-7.4
DICLOFENAC,-7.4
DEXTROMETHORPHAN,-7.4
DESIPRAMINE,-7.4
DESIPRAMINE,-7.4
DANTHRON,-7.4
DAIDZEIN,-7.4
CRASSIN,-7.4
CONESSINE,-7.4
CITALOPRAM,-7.4
CIPROFLOXACIN,-7.4
CHRYSOPHANOL,-7.4
CHRYSOPHANOL,-7.4
CHRYSOPHANOL,-7.4
CHLORMADINONE,-7.4
CENTAUREIN,-7.4
CEFUROXIME,-7.4
CEFDITORIN,-7.4
CEFDINIR,-7.4
CEFAZOLIN,-7.4
CEFAZOLIN,-7.4
CEFACLOR,-7.4
CARPROFEN,-7.4
BEZAFIBRATE,-7.4
BEPRIDIL,-7.4
BAEOMYCESIC,-7.4
ARISTOLOCHIC,-7.4
AMPICILLIN,-7.4
AMOXICILLIN,-7.4
AMODIAQUINE,-7.4
alpha-TOCHOPHERYL,-7.4
alpha-TOCHOPHEROL,-7.4
alpha-TOCHOPHEROL,-7.4
ALCLOMETAZONE,-7.4
ADIPHENINE,-7.4
ADIPHENINE,-7.4
ACETAMINOSALOL,-7.4
"7,4'-DIHYDROXYFLAVONE",-7.4
"5,7-DIMETHOXYISOFLAVONE",-7.4
"3,4'-DIHYDROXYFLAVONE",-7.4
"2',5'-DIHYDROXY-4-METHOXYCHALCONE",-7.4
XANTHYLETIN,-7.5
VINPOCETINE,-7.5
VINPOCETINE,-7.5
URAPIDIL,-7.5
TRIFLUPROMAZINE,-7.5
TOTAROL,-7.5
TOTAROL,-7.5
TOLAZAMIDE,-7.5
THIORIDAZINE,-7.5
THERMOPSINE,-7.5
THALIDOMIDE,-7.5
TETRACYCLINE,-7.5
SULFANITRAN,-7.5
SPARTEINE,-7.5
SOLANESOL,-7.5
ROBUSTIC,-7.5
RABEPRAZOLE,-7.5
QUININE,-7.5
PYRITHIONE,-7.5
PROPAFENONE,-7.5
PREDNISOLONE,-7.5
PHYTONADIONE,-7.5
PHLORETIN,-7.5
PHLORETIN,-7.5
PHLORETIN,-7.5
PHLORETIN,-7.5
PHENINDIONE,-7.5
PHENETHICILLIN,-7.5
PENICILLIN,-7.5
OXYTETRACYCLINE,-7.5
OXYPHENCYCLIMINE,-7.5
OXYPHENBUTAZONE,-7.5
OXYBUTYNIN,-7.5
OXETHAZAINE,-7.5
OXCARBAZEPINE,-7.5
NORTRIPTYLINE,-7.5
NIMESULIDE,-7.5
NIMESULIDE,-7.5
MODAFINIL,-7.5
METOLAZONE,-7.5
MEPENZOLATE,-7.5
MEFENAMIC,-7.5
MEDRYSONE,-7.5
MAPROTILINE,-7.5
LOXAPINE,-7.5
LORGLUMIDE,-7.5
LORGLUMIDE,-7.5
LOMEFLOXACIN,-7.5
LOMEFLOXACIN,-7.5
LISINOPRIL,-7.5
LEOIDIN,-7.5
LASALOCID,-7.5
LASALOCID,-7.5
ISOXSUPRINE,-7.5
ISOXSUPRINE,-7.5
ISOXICAM,-7.5
ISOXICAM,-7.5
ISORESERPINE,-7.5
INDOPROFEN,-7.5
INDOPROFEN,-7.5
IMIPRAMINE,-7.5
HESPERETIN,-7.5
HEMATEIN,-7.5
HELENINE,-7.5
GINKGOLIC,-7.5
GERALDOL,-7.5
GATIFLOXACIN,-7.5
FLURBIPROFEN,-7.5
FIPRONIL,-7.5
FIPRONIL,-7.5
FENSPIRIDE,-7.5
FENBUFEN,-7.5
FENBENDAZOLE,-7.5
ERGONOVINE,-7.5
EPICATECHIN,-7.5
EPIAFZELECHIN,-7.5
ENROFLOXACIN,-7.5
ELLAGIC,-7.5
ELLAGIC,-7.5
ECONAZOLE,-7.5
DOXEPIN,-7.5
DIPLOSALSALATE,-7.5
DIFLUNISAL,-7.5
DIENESTROL,-7.5
CYCLOHEXIMIDE,-7.5
CYCLIZINE,-7.5
CONESSINE,-7.5
CLOZAPINE,-7.5
CLOPAMIDE,-7.5
CIANIDANOL,-7.5
CHLORPROTHIXENE,-7.5
CHLOROGENIC,-7.5
CHLOROGENIC,-7.5
CHLORDANE,-7.5
CHLORCYCLIZINE,-7.5
CEPHRADINE,-7.5
CEPHRADINE,-7.5
CEPHRADINE,-7.5
CEPHALOTAXINE,-7.5
CEPHALORIDINE,-7.5
CENTAUREIN,-7.5
CENTAUREIN,-7.5
CEFUROXIME,-7.5
CEFDITORIN,-7.5
CEFAZOLIN,-7.5
CARVEDILOL,-7.5
CARNOSIC,-7.5
BUDESONIDE,-7.5
BEPRIDIL,-7.5
BENZBROMARONE,-7.5
BECLOMETHASONE,-7.5
AVOBENZONE,-7.5
AVOBENZONE,-7.5
ARTHONIOIC,-7.5
ANTHRALIN,-7.5
ANTHRALIN,-7.5
ANISINDIONE,-7.5
ANABASAMINE,-7.5
AMYGDALIN,-7.5
AMYGDALIN,-7.5
AMPICILLIN,-7.5
AMPICILLIN,-7.5
AMODIAQUINE,-7.5
ALRESTATIN,-7.5
alpha-TOCHOPHERYL,-7.5
alpha-TOCHOPHEROL,-7.5
ALEXIDINE,-7.5
ALEXIDINE,-7.5
ALEXIDINE,-7.5
ACONITINE,-7.5
ACETOHEXAMIDE,-7.5
ACETAMINOSALOL,-7.5
ACACETIN,-7.5
ACACETIN,-7.5
ACACETIN,-7.5
"7,2'-DIHYDROXYFLAVONE",-7.5
"6-PHENYL-4-AZOBICYCLO[5.4.0]UNDECA-7,9,11-TRIENE-9,10-DIOL",-7.5
"5,7-DIHYDROXYISOFLAVONE",-7.5
"2',5'-DIHYDROXY-4-METHOXYCHALCONE",-7.5
VINCAMINE,-7.6
VESAMICOL,-7.6
VECURONIUM,-7.6
UBIDECARENEONE,-7.6
TRIPROLIDINE,-7.6
TRIPROLIDINE,-7.6
TRIHEXYPHENIDYL,-7.6
TRIAMTERENE,-7.6
TOTAROL,-7.6
TOLTRAZURIL,-7.6
THIORIDAZINE,-7.6
TETRACYCLINE,-7.6
TERAZOSIN,-7.6
SULFANITRAN,-7.6
SPIRAMYCIN,-7.6
SOYASAPOGENOL,-7.6
SOLIDAGENONE,-7.6
SERTRALINE,-7.6
ROTENONE,-7.6
ROSIGLITAZONE,-7.6
ROBUSTIC,-7.6
RETINYL,-7.6
PROTRYPTYLINE,-7.6
PROPAFENONE,-7.6
PROCHLORPERAZINE,-7.6
PRIMULETIN,-7.6
PRIMULETIN,-7.6
PRAZOSIN,-7.6
PODOFILOX,-7.6
PIRINIXIC,-7.6
PICROPODOPHYLLOTOXIN,-7.6
PICROPODOPHYLLOTOXIN,-7.6
PHYTONADIONE,-7.6
PHENYTOIN,-7.6
PENICILLIN,-7.6
PENICILLIN,-7.6
PENICILLIN,-7.6
PALMATINE,-7.6
OXYTETRACYCLINE,-7.6
OXYPHENBUTAZONE,-7.6
OXYPHENBUTAZONE,-7.6
OXYPHENBUTAZONE,-7.6
OXYBUTYNIN,-7.6
OXETHAZAINE,-7.6
OBTUSAQUINONE,-7.6
NYLIDRIN,-7.6
NOSCAPINE,-7.6
NORSTICTIC,-7.6
NOMIFENSINE,-7.6
NIMESULIDE,-7.6
NIMESULIDE,-7.6
NICARDIPINE,-7.6
MOXALACTAM,-7.6
MODAFINIL,-7.6
METHYLPREDNISOLONE,-7.6
METAMPICILLIN,-7.6
MADECASSIC,-7.6
LISINOPRIL,-7.6
LEFLUNOMIDE,-7.6
LANOSTEROL,-7.6
KETOROLAC,-7.6
ISOXICAM,-7.6
ISORESERPINE,-7.6
INDOMETHACIN,-7.6
INDOMETHACIN,-7.6
HYOSCYAMINE,-7.6
HYDROXYPROGESTERONE,-7.6
HEMATEIN,-7.6
GOSSYPOL,-7.6
GOSSYPOL,-7.6
GOSSYPOL,-7.6
GLAFENINE,-7.6
GINKGOLIDE,-7.6
GINKGOLIC,-7.6
GINKGOLIC,-7.6
FUMAZENIL,-7.6
FLURBIPROFEN,-7.6
FENOPROFEN,-7.6
FENBUFEN,-7.6
FENBENDAZOLE,-7.6
ESTRIOL,-7.6
ESTRIOL,-7.6
ESTRADIOL,-7.6
ERIODYCTOL,-7.6
EPICATECHIN,-7.6
EPICATECHIN,-7.6
ENROFLOXACIN,-7.6
ENALAPRIL,-7.6
ENALAPRIL,-7.6
ENALAPRIL,-7.6
EMETINE,-7.6
DIPHENYLPYRALINE,-7.6
DIOSMETIN,-7.6
DESOXYMETASONE,-7.6
DERACOXIB,-7.6
DERACOXIB,-7.6
DENATONIUM,-7.6
DANTHRON,-7.6
DANTHRON,-7.6
CYCLOBENZAPRINE,-7.6
CYCLIZINE,-7.6
CYCLIZINE,-7.6
CURCUMIN,-7.6
CONESSINE,-7.6
CLOPAMIDE,-7.6
CLEMIZOLE,-7.6
CLEMIZOLE,-7.6
CLEMASTINE,-7.6
CIPROFLOXACIN,-7.6
CHOLIC,-7.6
CHLOROGENIC,-7.6
CHLOROGENIC,-7.6
CEPHRADINE,-7.6
CEPHALEXIN,-7.6
CEPHALEXIN,-7.6
CEFUROXIME,-7.6
CEFTIBUTEN,-7.6
CEFTIBUTEN,-7.6
CEFOXITIN,-7.6
CEFOXITIN,-7.6
CEFDINIR,-7.6
CEFAZOLIN,-7.6
CEFACLOR,-7.6
CARYLOPHYLLENE,-7.6
CARVEDILOL,-7.6
CARVEDILOL,-7.6
CARNOSIC,-7.6
CARAPIN,-7.6
BRAZILIN,-7.6
BLASTICIDIN,-7.6
BETULIN,-7.6
BETAMETHASONE,-7.6
BERBERINE,-7.6
BENZOYLPAS,-7.6
BAEOMYCESIC,-7.6
ASIATIC,-7.6
APOMORPHINE,-7.6
APIGENIN,-7.6
ANTIMYCIN,-7.6
ANDIROBIN,-7.6
AMPICILLIN,-7.6
AMITRIPTYLINE,-7.6
AMITRIPTYLINE,-7.6
alpha-TOCHOPHEROL,-7.6
ACETOHEXAMIDE,-7.6
ACETAMINOSALOL,-7.6
ACEMETACIN,-7.6
"7,8-DIHYDROXYFLAVONE",-7.6
"6-PHENYL-4-AZOBICYCLO[5.4.0]UNDECA-7,9,11-TRIENE-9,10-DIOL",-7.6
"6,4'-DIHYDROXYFLAVONE",-7.6
4'-HYDROXYCHALCONE,-7.6
4'-HYDROXYCHALCONE,-7.6
3-HYDROXYFLAVONE,-7.6
3-HYDROXYFLAVONE,-7.6
"3,7-DIHYDROXYFLAVONE",-7.6
"3,7-DIHYDROXYFLAVONE",-7.6
"3,4'-DIHYDROXYFLAVONE",-7.6
"3,4'-DIHYDROXYFLAVONE",-7.6
"2',5'-DIHYDROXY-4-METHOXYCHALCONE",-7.6
VINCAMINE,-7.7
VINCAMINE,-7.7
VALDECOXIB,-7.7
VALDECOXIB,-7.7
URAPIDIL,-7.7
TROXERUTIN,-7.7
TRIPTOPHENOLIDE,-7.7
TRIPTOPHENOLIDE,-7.7
TRIPROLIDINE,-7.7
TRIHEXYPHENIDYL,-7.7
TRIAMCINOLONE,-7.7
TOREMIPHENE,-7.7
TOMATIDINE,-7.7
TOLTRAZURIL,-7.7
THIORIDAZINE,-7.7
THIORIDAZINE,-7.7
THALIDOMIDE,-7.7
Tfa-VAL-TYR-VAL-OH,-7.7
Tfa-VAL-TYR-VAL-OH,-7.7
TETRACYCLINE,-7.7
TESTOSTERONE,-7.7
TERAZOSIN,-7.7
SULFAQUINOXALINE,-7.7
SULFAQUINOXALINE,-7.7
SULCONAZOLE,-7.7
SULCONAZOLE,-7.7
STICTIC,-7.7
RHAMNETIN,-7.7
RHAMNETIN,-7.7
RETINYL,-7.7
QUINIDINE,-7.7
PYRITHIONE,-7.7
PURPURIN,-7.7
PROTRYPTYLINE,-7.7
PREDNISOLONE,-7.7
PODOFILOX,-7.7
PIROXICAM,-7.7
PIRINIXIC,-7.7
PHENETHICILLIN,-7.7
PENICILLIN,-7.7
OXYTETRACYCLINE,-7.7
OXYPHENCYCLIMINE,-7.7
OXYBUTYNIN,-7.7
OUABAIN,-7.7
OUABAIN,-7.7
NYLIDRIN,-7.7
NORTRIPTYLINE,-7.7
NORSTICTIC,-7.7
MOXALACTAM,-7.7
MODAFINIL,-7.7
MITOTANE,-7.7
MICONAZOLE,-7.7
MEXICANOLIDE,-7.7
METHYLERGONOVINE,-7.7
METHYLBENZETHONIUM,-7.7
METERGOLINE,-7.7
METAMPICILLIN,-7.7
METAMPICILLIN,-7.7
MESTRANOL,-7.7
MEPENZOLATE,-7.7
MEGESTROL,-7.7
MEDRYSONE,-7.7
LONCHOCARPIC,-7.7
LANSOPRAZOLE,-7.7
KOPARIN,-7.7
ISOXICAM,-7.7
IODIPAMIDE,-7.7
INDOPROFEN,-7.7
ICHTHYNONE,-7.7
HYDROCORTISONE,-7.7
HYDRASTINE,-7.7
HOMIDIUM,-7.7
HETACILLIN,-7.7
HALOPERIDOL,-7.7
GOSSYPOL,-7.7
GINKGOLIDE,-7.7
GERALDOL,-7.7
GERALDOL,-7.7
FLUNIXIN,-7.7
FLUMEQUINE,-7.7
FENSPIRIDE,-7.7
FENOFIBRATE,-7.7
ERIODYCTOL,-7.7
EPIGALLOCATECHIN,-7.7
ENALAPRIL,-7.7
EMETINE,-7.7
EMETINE,-7.7
DIOSMETIN,-7.7
DIFLUNISAL,-7.7
DIENESTROL,-7.7
DIENESTROL,-7.7
DICLOXACILLIN,-7.7
DESOXYMETASONE,-7.7
DERACOXIB,-7.7
DENATONIUM,-7.7
DAIDZEIN,-7.7
CRASSIN,-7.7
CRASSIN,-7.7
CLOTRIMAZOLE,-7.7
CLOMIPRAMINE,-7.7
CLOFOCTOL,-7.7
CLOFOCTOL,-7.7
CLEMASTINE,-7.7
CIPROFLOXACIN,-7.7
CHRYSIN,-7.7
CHRYSIN,-7.7
"CHOLESTAN-3beta,5alpha,6beta-TRIOL",-7.7
CHLORPROTHIXENE,-7.7
CEPHALORIDINE,-7.7
CENTAUREIN,-7.7
CEFUROXIME,-7.7
CEFDINIR,-7.7
CEFACLOR,-7.7
CARVEDILOL,-7.7
CAPREOMYCIN,-7.7
BROMINDIONE,-7.7
BLASTICIDIN,-7.7
beta-AMYRIN,-7.7
BEPRIDIL,-7.7
BACAMPICILLIN,-7.7
ARTHONIOIC,-7.7
APOMORPHINE,-7.7
ANTHRALIN,-7.7
ANTHRALIN,-7.7
ANABASAMINE,-7.7
AMIODARONE,-7.7
AMIODARONE,-7.7
ALRESTATIN,-7.7
ALOIN,-7.7
ALIZARIN,-7.7
ACETAMINOSALOL,-7.7
"7,8-DIHYDROXYFLAVONE",-7.7
"7,4'-DIHYDROXYFLAVONE",-7.7
"6-PHENYL-4-AZOBICYCLO[5.4.0]UNDECA-7,9,11-TRIENE-9,10-DIOL",-7.7
"6-PHENYL-4-AZOBICYCLO[5.4.0]UNDECA-7,9,11-TRIENE-9,10-DIOL",-7.7
"6,4'-DIHYDROXYFLAVONE",-7.7
3-HYDROXYFLAVONE,-7.7
"3',6-DIHYDROXYFLAVONE",-7.7
"3',6-DIHYDROXYFLAVONE",-7.7
"2',4'-DIHYDROXYCHALCONE",-7.7
"2',4'-DIHYDROXYCHALCONE",-7.7
"1R,9S-HYDRASTINE",-7.7
11a-ACETOXYPROGESTERONE,-7.7
WARFARIN,-7.8
WARFARIN,-7.8
VINPOCETINE,-7.8
VINPOCETINE,-7.8
VESAMICOL,-7.8
VECURONIUM,-7.8
VALDECOXIB,-7.8
VALDECOXIB,-7.8
TRIPROLIDINE,-7.8
TRIMIPRAMINE,-7.8
TOMATIDINE,-7.8
TOMATIDINE,-7.8
TOLTRAZURIL,-7.8
TOLTRAZURIL,-7.8
TOLAZAMIDE,-7.8
THIOTHIXENE,-7.8
TERBINAFINE,-7.8
TERBINAFINE,-7.8
SULINDAC,-7.8
SULFAQUINOXALINE,-7.8
"STIGMASTA-4,22-DIEN-3-ONE",-7.8
SILDENAFIL,-7.8
SERTRALINE,-7.8
RUBESCENSIN,-7.8
ROSIGLITAZONE,-7.8
ROSIGLITAZONE,-7.8
ROBUSTIC,-7.8
RAMIPRIL,-7.8
RAMIPRIL,-7.8
QUETIAPINE,-7.8
PROTRYPTYLINE,-7.8
PROCHLORPERAZINE,-7.8
PRIMULETIN,-7.8
PRIMULETIN,-7.8
PREDNISOLONE,-7.8
PIZOTYLINE,-7.8
PIRENZEPINE,-7.8
PIPERINE,-7.8
PIPERINE,-7.8
PIPENZOLATE,-7.8
PHYTONADIONE,-7.8
PHTHALYLSULFACETAMIDE,-7.8
PHLORIDZIN,-7.8
PHENOTHRIN,-7.8
PHENOTHRIN,-7.8
PHENINDIONE,-7.8
PHENETHICILLIN,-7.8
PERPHENAZINE,-7.8
PERHEXILINE,-7.8
PALMATINE,-7.8
OXYPHENCYCLIMINE,-7.8
OXFENDAZOLE,-7.8
OXFENDAZOLE,-7.8
NORGESTIMATE,-7.8
NORETHINDRONE,-7.8
NICARDIPINE,-7.8
NICARDIPINE,-7.8
NALOXONE,-7.8
NAFRONYL,-7.8
MOXIFLOXACIN,-7.8
MORIN,-7.8
MORIN,-7.8
MINOCYCLINE,-7.8
MINAPRINE,-7.8
MIFEPRISTONE,-7.8
METOLAZONE,-7.8
METHYLPREDNISOLONE,-7.8
METHYLERGONOVINE,-7.8
METERGOLINE,-7.8
MERBROMIN,-7.8
MEBENDAZOLE,-7.8
LOXAPINE,-7.8
KHAYANTHONE,-7.8
KETOPROFEN,-7.8
ISOTRETINON,-7.8
ISOTRETINON,-7.8
IRIGENOL,-7.8
IRIGENOL,-7.8
IODIPAMIDE,-7.8
HYDROXYPROGESTERONE,-7.8
HYDRASTINE,-7.8
HETACILLIN,-7.8
HAEMATOXYLIN,-7.8
GENTIOPICROSIDE,-7.8
GENISTEIN,-7.8
FUMARPROTOCETRARIC,-7.8
FLUOROMETHOLONE,-7.8
FLUOROMETHOLONE,-7.8
FLUMEQUINE,-7.8
FILIPIN,-7.8
ETHYNODIOL,-7.8
ERIODYCTOL,-7.8
EPIGALLOCATECHIN,-7.8
ECONAZOLE,-7.8
DOXYCYCLINE,-7.8
DIPHENYLPYRALINE,-7.8
DIPHENYLPYRALINE,-7.8
DIPHENYLPYRALINE,-7.8
DEXAMETHASONE,-7.8
DEXAMETHASONE,-7.8
DERACOXIB,-7.8
DEGUELIN(-),-7.8
DANTROLENE,-7.8
CYCLOTHIAZIDE,-7.8
CYCLOBENZAPRINE,-7.8
CRUSTECDYSONE,-7.8
CLOZAPINE,-7.8
CLOZAPINE,-7.8
CLOTRIMAZOLE,-7.8
CLOMIPRAMINE,-7.8
CLEMIZOLE,-7.8
CLEMASTINE,-7.8
CIPROFLOXACIN,-7.8
CINCHONIDINE,-7.8
CHRYSOPHANOL,-7.8
CHRYSIN,-7.8
CHRYSIN,-7.8
CHOLIC,-7.8
CHOLESTERYL,-7.8
"CHOLESTAN-3beta,5alpha,6beta-TRIOL",-7.8
CHLOROTRIANISENE,-7.8
CETIRIZINE,-7.8
CEPHALOTAXINE,-7.8
CEPHALORIDINE,-7.8
CEFACLOR,-7.8
CARAPIN,-7.8
BROMINDIONE,-7.8
BEZAFIBRATE,-7.8
BETAMETHASONE,-7.8
BENZOXYQUINE,-7.8
BECLOMETHASONE,-7.8
AURAPTENE,-7.8
APOMORPHINE,-7.8
APIGENIN,-7.8
ANTIMYCIN,-7.8
ANTHOTHECOL,-7.8
ANDIROBIN,-7.8
AMOXAPINE,-7.8
AMITRIPTYLINE,-7.8
ALTRENOGEST,-7.8
ALRESTATIN,-7.8
ALRESTATIN,-7.8
alpha-HYDROXYDEOXYCHOLIC,-7.8
ALIZARIN,-7.8
ALEXIDINE,-7.8
ACONITINE,-7.8
ACACETIN,-7.8
"7,4'-DIHYDROXYFLAVONE",-7.8
"7,4'-DIHYDROXYFLAVONE",-7.8
"7,2'-DIHYDROXYFLAVONE",-7.8
"7,2'-DIHYDROXYFLAVONE",-7.8
"5,7-DIHYDROXYISOFLAVONE",-7.8
"5,7-DIHYDROXYISOFLAVONE",-7.8
4'-HYDROXYCHALCONE,-7.8
3-HYDROXYFLAVONE,-7.8
"3,7-DIHYDROXYFLAVONE",-7.8
"3',6-DIHYDROXYFLAVONE",-7.8
"3,5-DIHYDROXYFLAVONE",-7.8
"3,4'-DIHYDROXYFLAVONE",-7.8
"1R,9S-HYDRASTINE",-7.8
WARFARIN,-7.9
VINCAMINE,-7.9
VARDENAFIL,-7.9
UVAOL,-7.9
UVAOL,-7.9
TRIPTOPHENOLIDE,-7.9
TRETINON,-7.9
TOTAROL,-7.9
TOREMIPHENE,-7.9
THIOTHIXENE,-7.9
THALIDOMIDE,-7.9
TERBINAFINE,-7.9
TERBINAFINE,-7.9
TAMOXIFEN,-7.9
SULCONAZOLE,-7.9
SULCONAZOLE,-7.9
STICTIC,-7.9
STICTIC,-7.9
SILDENAFIL,-7.9
SILDENAFIL,-7.9
SILDENAFIL,-7.9
RUTILANTINONE,-7.9
ROSIGLITAZONE,-7.9
ROFECOXIB,-7.9
ROFECOXIB,-7.9
RHAMNETIN,-7.9
RHAMNETIN,-7.9
RETINOL,-7.9
RESERPINE,-7.9
RANOLAZINE,-7.9
QUETIAPINE,-7.9
QUETIAPINE,-7.9
PURPURIN,-7.9
PUROMYCIN,-7.9
PROCHLORPERAZINE,-7.9
PRIDINOL,-7.9
POLYMYXIN,-7.9
PIROXICAM,-7.9
PIOGLITAZONE,-7.9
PHYTONADIONE,-7.9
PHTHALYLSULFACETAMIDE,-7.9
PHLORIDZIN,-7.9
PHENYTOIN,-7.9
PERHEXILINE,-7.9
PERHEXILINE,-7.9
PEONIFLORIN,-7.9
PEONIFLORIN,-7.9
OXYPHENCYCLIMINE,-7.9
OXFENDAZOLE,-7.9
OXFENDAZOLE,-7.9
OXCARBAZEPINE,-7.9
OXAPROZIN,-7.9
OSAJIN,-7.9
NYLIDRIN,-7.9
NORETHYNODREL,-7.9
NORETHINDRONE,-7.9
NIFLUMIC,-7.9
NIFENAZONE,-7.9
NATEGLINIDE,-7.9
NALBUPHINE,-7.9
MUNDULONE,-7.9
MINOCYCLINE,-7.9
MINOCYCLINE,-7.9
MINAPRINE,-7.9
MICONAZOLE,-7.9
METOLAZONE,-7.9
METOLAZONE,-7.9
METHYLPREDNISOLONE,-7.9
METHYLERGONOVINE,-7.9
METHYL,-7.9
LOXAPINE,-7.9
LOXAPINE,-7.9
LORGLUMIDE,-7.9
LONCHOCARPIC,-7.9
LANSOPRAZOLE,-7.9
LANSOPRAZOLE,-7.9
LABETALOL,-7.9
KETOPROFEN,-7.9
ISOFLUPREDNONE,-7.9
HYDROCORTISONE,-7.9
HYDROCORTISONE,-7.9
HIERACIN,-7.9
HEPTACHLOR,-7.9
HEMATEIN,-7.9
HARPAGOSIDE,-7.9
HALCINONIDE,-7.9
HALCINONIDE,-7.9
HAEMATOXYLIN,-7.9
GLICLAZIDE,-7.9
GENISTEIN,-7.9
GEMIFLOXACIN,-7.9
GEMIFLOXACIN,-7.9
FUMARPROTOCETRARIC,-7.9
FUMARPROTOCETRARIC,-7.9
FUMARPROTOCETRARIC,-7.9
FLUFENAMIC,-7.9
FLUFENAMIC,-7.9
FENOFIBRATE,-7.9
ETHYNODIOL,-7.9
ESTRONE,-7.9
ESTRIOL,-7.9
ESTRADIOL,-7.9
ESTRADIOL,-7.9
ESTRADIOL,-7.9
ELLAGIC,-7.9
ECONAZOLE,-7.9
DOXYCYCLINE,-7.9
DOXYCYCLINE,-7.9
DOXAZOSIN,-7.9
DIOSMETIN,-7.9
DIENESTROL,-7.9
DICLOXACILLIN,-7.9
DIACERIN,-7.9
DEXTROMETHORPHAN,-7.9
DESLORATIDINE,-7.9
DEMECLOCYCLINE,-7.9
DAIDZEIN,-7.9
CYCLOHEXIMIDE,-7.9
CRUSTECDYSONE,-7.9
CLONAZEPAM,-7.9
CLOFOCTOL,-7.9
CINCHONIDINE,-7.9
CINCHONIDINE,-7.9
CIANIDANOL,-7.9
CHOLESTERYL,-7.9
CHLORTHALIDONE,-7.9
CHLORTHALIDONE,-7.9
CHLORTETRACYCLINE,-7.9
CHLORTETRACYCLINE,-7.9
CEFPROZIL,-7.9
CEFDITORIN,-7.9
CEFAMANDOLE,-7.9
CARNOSIC,-7.9
CARBENICILLIN,-7.9
CARBENICILLIN,-7.9
CARBENICILLIN,-7.9
CAPREOMYCIN,-7.9
CALCEIN,-7.9
CAFESTOL,-7.9
BETAMETHASONE,-7.9
BETAMETHASONE,-7.9
beta-AMYRIN,-7.9
beta-AMYRIN,-7.9
BENZOXYQUINE,-7.9
BAICALEIN,-7.9
BAICALEIN,-7.9
BAICALEIN,-7.9
ASIATIC,-7.9
APIGENIN,-7.9
ANTIMYCIN,-7.9
ANTHOTHECOL,-7.9
AMSACRINE,-7.9
AMSACRINE,-7.9
AMOXAPINE,-7.9
AMITRIPTYLINE,-7.9
AMIODARONE,-7.9
alpha-MANGOSTIN,-7.9
alpha-MANGOSTIN,-7.9
alpha-MANGOSTIN,-7.9
ACEMETACIN,-7.9
"7,8-DIHYDROXYFLAVONE",-7.9
"6,4'-DIHYDROXYFLAVONE",-7.9
"3',6-DIHYDROXYFLAVONE",-7.9
"3,5-DIHYDROXYFLAVONE",-7.9
11alpha-HYDROXYPROGESTERONE,-7.9
YOHIMBINE,-8
WARFARIN,-8
VESAMICOL,-8
VARDENAFIL,-8
VARDENAFIL,-8
TRIPTOPHENOLIDE,-8
TRIHEXYPHENIDYL,-8
TRIFLUOPERAZINE,-8
TRIFLUOPERAZINE,-8
TRETINON,-8
TOMATIDINE,-8
TOLPERISONE,-8
THIOTHIXENE,-8
TETRANDRINE,-8
TAMOXIFEN,-8
SULFAQUINOXALINE,-8
STICTIC,-8
SOYASAPOGENOL,-8
SALVINORIN,-8
RUTILANTINONE,-8
RESERPINE,-8
RANOLAZINE,-8
RANOLAZINE,-8
QUERCETIN,-8
PURPURIN,-8
PROTRYPTYLINE,-8
PRISTIMERIN,-8
PRIDINOL,-8
PREDNISOLONE,-8
PREDNISOLONE,-8
PIROXICAM,-8
PIRENZEPINE,-8
PIPENZOLATE,-8
PIOGLITAZONE,-8
PHTHALYSULFATHIAZOLE,-8
PHTHALYSULFATHIAZOLE,-8
PHTHALYSULFATHIAZOLE,-8
PHENETHYL,-8
PHENETHYL,-8
PHENETHYL,-8
PHENETHYL,-8
PERPHENAZINE,-8
PERICIAZINE,-8
PERICIAZINE,-8
PACHYRRHIZIN,-8
OXYTETRACYCLINE,-8
OUABAIN,-8
OSAJIN,-8
NOSCAPINE,-8
NORTRIPTYLINE,-8
NORTRIPTYLINE,-8
NICERGOLINE,-8
NAFCILLIN,-8
NAFCILLIN,-8
NAFCILLIN,-8
NAFCILLIN,-8
MOXIFLOXACIN,-8
MOXALACTAM,-8
MINAPRINE,-8
MINAPRINE,-8
MIFEPRISTONE,-8
MICONAZOLE,-8
MEXICANOLIDE,-8
METHYLPREDNISOLONE,-8
METHYLBENZETHONIUM,-8
METHACYCLINE,-8
MEDROXYPROGESTERONE,-8
MEBENDAZOLE,-8
MEBENDAZOLE,-8
LASALOCID,-8
LABETALOL,-8
LABETALOL,-8
KETOTIFEN,-8
KETOPROFEN,-8
INDAPAMIDE,-8
HYDROCORTISONE,-8
HIERACIN,-8
HIERACIN,-8
HEMATEIN,-8
HARPAGOSIDE,-8
HALOPERIDOL,-8
GOSSYPETIN,-8
GIBBERELLIC,-8
FORMESTANE,-8
FLECAINIDE,-8
FISSINOLIDE,-8
ETHISTERONE,-8
ESTRADIOL,-8
ERGOSTEROL,-8
EPIRUBICIN,-8
ELLAGIC,-8
ECONAZOLE,-8
DOXYCYCLINE,-8
DONEPEZIL,-8
DESOXYMETASONE,-8
DESOXYMETASONE,-8
DERRUBONE,-8
DANTROLENE,-8
CYCLOBENZAPRINE,-8
CYCLOBENZAPRINE,-8
CRASSIN,-8
CONESSINE,-8
CLOXACILLIN,-8
CLOFOCTOL,-8
CLOBETASOL,-8
CLIDINIUM,-8
CLEMASTINE,-8
CHOLIC,-8
CHOLIC,-8
CHOLESTERYL,-8
CETIRIZINE,-8
CETIRIZINE,-8
CEPHALORIDINE,-8
CEFPROZIL,-8
CARBENICILLIN,-8
CARAPIN,-8
BUDESONIDE,-8
BUCLADESINE,-8
BUCLADESINE,-8
BRAZILIN,-8
BETULIN,-8
beta-SITOSTEROL,-8
beta-AMYRIN,-8
BAICALEIN,-8
AURAPTENE,-8
ARTHONIOIC,-8
APOMORPHINE,-8
APIGENIN,-8
ANTHOTHECOL,-8
AMSACRINE,-8
AMSACRINE,-8
ALTRENOGEST,-8
alpha-HYDROXYDEOXYCHOLIC,-8
ALOIN,-8
ALIZARIN,-8
ACETOHEXAMIDE,-8
ACACETIN,-8
"7,8-DIHYDROXYFLAVONE",-8
"7,2'-DIHYDROXYFLAVONE",-8
"3,7-DIHYDROXYFLAVONE",-8
"3,5-DIHYDROXYFLAVONE",-8
YOHIMBINE,-8.1
VALSARTAN,-8.1
VALSARTAN,-8.1
TRYPAN,-8.1
TRIHEXYPHENIDYL,-8.1
TRIAMCINOLONE,-8.1
TRIAMCINOLONE,-8.1
TOREMIPHENE,-8.1
THIOTHIXENE,-8.1
Tfa-VAL-TYR-VAL-OH,-8.1
TESTOSTERONE,-8.1
TESTOSTERONE,-8.1
TAMOXIFEN,-8.1
SULINDAC,-8.1
SIMVASTATIN,-8.1
SERTRALINE,-8.1
SALVINORIN,-8.1
RUTILANTINONE,-8.1
RANOLAZINE,-8.1
RAMIPRIL,-8.1
QUERCETIN,-8.1
PREGNENOLONE,-8.1
PREDNISOLONE,-8.1
PIZOTYLINE,-8.1
PIROXICAM,-8.1
PIRENZEPINE,-8.1
PIPERINE,-8.1
PIPERINE,-8.1
PIOGLITAZONE,-8.1
PHLORIDZIN,-8.1
PHLORIDZIN,-8.1
PHENYLBUTAZONE,-8.1
PHENYLBUTAZONE,-8.1
PERICIAZINE,-8.1
OXICONAZOLE,-8.1
OXICONAZOLE,-8.1
OXAPROZIN,-8.1
OUABAIN,-8.1
NORGESTREL,-8.1
NICERGOLINE,-8.1
NEFOPAM,-8.1
NEFOPAM,-8.1
NATEGLINIDE,-8.1
NALOXONE,-8.1
NALOXONE,-8.1
NAFRONYL,-8.1
MICONAZOLE,-8.1
METHYL,-8.1
METHACYCLINE,-8.1
METHACYCLINE,-8.1
MEPENZOLATE,-8.1
MEPENZOLATE,-8.1
MELENGESTROL,-8.1
MEBENDAZOLE,-8.1
MAPROTILINE,-8.1
MADECASSIC,-8.1
LOVASTATIN,-8.1
LONCHOCARPIC,-8.1
LANSOPRAZOLE,-8.1
LABETALOL,-8.1
KETOTIFEN,-8.1
KARANJIN,-8.1
ISOLIQUIRITIGENIN,-8.1
IRIGENOL,-8.1
INDAPAMIDE,-8.1
INDAPAMIDE,-8.1
HYDROCORTISONE,-8.1
HYDROCORTISONE,-8.1
HOMIDIUM,-8.1
HAEMATOXYLIN,-8.1
GOSSYPETIN,-8.1
GLICLAZIDE,-8.1
GITOXIGENIN,-8.1
GIBBERELLIC,-8.1
FOLIC,-8.1
FLUPHENAZINE,-8.1
FLUMETHAZONE,-8.1
FLUMETHASONE,-8.1
FLECAINIDE,-8.1
FISSINOLIDE,-8.1
FIPEXIDE,-8.1
EZETIMIBE,-8.1
ETHISTERONE,-8.1
ESTRONE,-8.1
ESTRIOL,-8.1
ESTRIOL,-8.1
ESTRADIOL,-8.1
ESTRADIOL,-8.1
ESTRADIOL,-8.1
EQUILIN,-8.1
DOXAZOSIN,-8.1
DIACERIN,-8.1
DEXAMETHASONE,-8.1
DESONIDE,-8.1
DESLORATADINE,-8.1
DERRUBONE,-8.1
CORYNANTHINE,-8.1
CLOZAPINE,-8.1
CLOXACILLIN,-8.1
CLEMIZOLE,-8.1
CHOLESTERYL,-8.1
CHLORTETRACYCLINE,-8.1
CHENODIOL,-8.1
CEVADINE,-8.1
CETIRIZINE,-8.1
CELECOXIB,-8.1
CEFPROZIL,-8.1
CEFDITORIN,-8.1
CEDRELONE,-8.1
CEDRELONE,-8.1
CARBENOXOLONE,-8.1
CARBENOXOLONE,-8.1
CALCEIN,-8.1
CAFESTOL,-8.1
BRUCINE,-8.1
BROMPERIDOL,-8.1
BISANHYDRORUTILANTINONE,-8.1
BIPERIDEN,-8.1
BETAMETHAZONE,-8.1
beta-AMYRIN,-8.1
BENZTHIAZIDE,-8.1
ARISTOLOCHIC,-8.1
ANTHOTHECOL,-8.1
AMOXAPINE,-8.1
AMOXAPINE,-8.1
AMIODARONE,-8.1
ALOIN,-8.1
ALOIN,-8.1
AKLAVINE,-8.1
AKLAVINE,-8.1
AKLAVINE,-8.1
"6,4'-DIHYDROXYFLAVONE",-8.1
"3,5-DIHYDROXYFLAVONE",-8.1
"3,3'-DIINDOLYLMETHANE",-8.1
"3,3'-DIINDOLYLMETHANE",-8.1
11alpha-HYDROXYPROGESTERONE,-8.1
11a-ACETOXYPROGESTERONE,-8.1
VARDENAFIL,-8.2
VALSARTAN,-8.2
URSOLIC,-8.2
TRIAMCINOLONE,-8.2
TOREMIPHENE,-8.2
TAMOXIFEN,-8.2
SULINDAC,-8.2
SULINDAC,-8.2
RUTILANTINONE,-8.2
RUBESCENSIN,-8.2
QUINAPRIL,-8.2
QUERCETIN,-8.2
PYRROMYCIN,-8.2
PYRROMYCIN,-8.2
PURPURIN,-8.2
PROTOPORPHYRIN,-8.2
PROGESTERONE,-8.2
PRIDINOL,-8.2
PREGNENOLONE,-8.2
PREDNISONE,-8.2
PREDNISONE,-8.2
PRAZIQUANTEL,-8.2
PRAZIQUANTEL,-8.2
PRASTERONE,-8.2
POMIFERIN,-8.2
PIRENZEPINE,-8.2
PIMETHIXENE,-8.2
PHTHALYLSULFATHIAZOLE,-8.2
OXACILLIN,-8.2
OXACILLIN,-8.2
NICERGOLINE,-8.2
NEFOPAM,-8.2
NARINGIN,-8.2
NALTREXONE,-8.2
NALTREXONE,-8.2
NALOXONE,-8.2
MUNDULONE,-8.2
MORIN,-8.2
MORIN,-8.2
METHACYCLINE,-8.2
MEGESTROL,-8.2
MEDROXYPROGESTERONE,-8.2
MANGIFERIN,-8.2
LORATADINE,-8.2
LONCHOCARPIC,-8.2
LOBELINE,-8.2
LIMONIN,-8.2
KETOTIFEN,-8.2
KETOCONAZOLE,-8.2
KARANJIN,-8.2
ISORESERPINE,-8.2
ISORESERPINE,-8.2
ISOLIQUIRITIGENIN,-8.2
ISOFLUPREDNONE,-8.2
IRIGENOL,-8.2
HYDROCORTISONE,-8.2
HYDROCORTISONE,-8.2
HYDROCORTISONE,-8.2
HYDROCORTISONE,-8.2
HIERACIN,-8.2
HETACILLIN,-8.2
HAEMATOXYLIN,-8.2
GOSSYPETIN,-8.2
GLICLAZIDE,-8.2
GLICLAZIDE,-8.2
GITOXIGENIN,-8.2
FUCOSTANOL,-8.2
FRIEDELIN,-8.2
FORMESTANE,-8.2
FOLIC,-8.2
FOLIC,-8.2
FLUPHENAZINE,-8.2
FLUMETHAZONE,-8.2
FLUMETHASONE,-8.2
FLUDROCORTISONE,-8.2
FILIPIN,-8.2
ESTRONE,-8.2
ESTRIOL,-8.2
ESTRADIOL,-8.2
ESTRADIOL,-8.2
EQUILIN,-8.2
EPIRUBICIN,-8.2
EMETINE,-8.2
DIGOXIGENIN,-8.2
DICLOXACILLIN,-8.2
DESONIDE,-8.2
DESONIDE,-8.2
DESLORATIDINE,-8.2
CORYNANTHINE,-8.2
CORTISONE,-8.2
CORTISONE,-8.2
CORTISONE,-8.2
CONVALLATOXIN,-8.2
CONVALLATOXIN,-8.2
CLONAZEPAM,-8.2
CLOMIPHENE,-8.2
CLOMIPHENE,-8.2
CLIDINIUM,-8.2
CINCHONIDINE,-8.2
CHOLESTEROL,-8.2
CHLORTHALIDONE,-8.2
CELECOXIB,-8.2
CEFAMANDOLE,-8.2
CEFAMANDOLE,-8.2
CEDRELONE,-8.2
BRUCINE,-8.2
BISACODYL,-8.2
BETAMETHASONE,-8.2
BETAMETHASONE,-8.2
BERBAMINE,-8.2
BENZTHIAZIDE,-8.2
AZAPERONE,-8.2
AZAPERONE,-8.2
"ANDROSTA-1,4-DIEN-3,17-DIONE",-8.2
"ANDROSTA-1,4-DIEN-3,17-DIONE",-8.2
"ANDROSTA-1,4-DIEN-3,17-DIONE",-8.2
alpha-HYDROXYDEOXYCHOLIC,-8.2
AKLAVINE,-8.2
VULPINIC,-8.3
VECURONIUM,-8.3
TRYPAN,-8.3
TROXERUTIN,-8.3
TRAZODONE,-8.3
Tfa-VAL-TYR-VAL-OH,-8.3
TETRANDRINE,-8.3
TERFENADINE,-8.3
TERFENADINE,-8.3
TANSHINONE,-8.3
SIMVASTATIN,-8.3
SERTRALINE,-8.3
SANGUINARINE,-8.3
ROLITETRACYCLINE,-8.3
RHETSININE,-8.3
RHETSININE,-8.3
RAMIPRIL,-8.3
QUINAPRIL,-8.3
PRIDINOL,-8.3
PREDNISOLONE,-8.3
PREDNISOLONE,-8.3
PREDNISOLONE,-8.3
POMIFERIN,-8.3
PIPERIDOLATE,-8.3
PIPERIDOLATE,-8.3
PIOGLITAZONE,-8.3
PHTHALYSULFATHIAZOLE,-8.3
PHTHALYLSULFATHIAZOLE,-8.3
PERICIAZINE,-8.3
PACHYRRHIZIN,-8.3
OSAJIN,-8.3
OLEANOLIC,-8.3
OLEANOIC,-8.3
NORGESTREL,-8.3
NORETHINDRONE,-8.3
NIFLUMIC,-8.3
NICARDIPINE,-8.3
NALBUPHINE,-8.3
MOXIFLOXACIN,-8.3
MESTRANOL,-8.3
MANGIFERIN,-8.3
LYNESTRENOL,-8.3
LYNESTRENOL,-8.3
LOBELINE,-8.3
LANOSTEROL,-8.3
KETOPROFEN,-8.3
KETOCONAZOLE,-8.3
INDAPAMIDE,-8.3
ICHTHYNONE,-8.3
HETACILLIN,-8.3
GITOXIGENIN,-8.3
GEMIFLOXACIN,-8.3
FUCOSTANOL,-8.3
FOLIC,-8.3
FLURANDRENOLIDE,-8.3
FLUDROCORTISONE,-8.3
FISSINOLIDE,-8.3
FISSINOLIDE,-8.3
EZETIMIBE,-8.3
ESTRONE,-8.3
ESTRIOL,-8.3
ESTRADIOL,-8.3
ESTRADIOL,-8.3
ERIODYCTOL,-8.3
EQUILIN,-8.3
EPIRUBICIN,-8.3
ENROFLOXACIN,-8.3
ENOXOLONE,-8.3
DOXORUBICIN,-8.3
DIGOXIGENIN,-8.3
CORYNANTHINE,-8.3
CLOXACILLIN,-8.3
CHOLEST-5-EN-3-ONE,-8.3
CELECOXIB,-8.3
CEFPROZIL,-8.3
CEFAMANDOLE,-8.3
CEFAMANDOLE,-8.3
CEFAMANDOLE,-8.3
CEDRELONE,-8.3
CARMINIC,-8.3
CANRENOIC,-8.3
CAFESTOL,-8.3
BRUCINE,-8.3
BROMPERIDOL,-8.3
BIPERIDEN,-8.3
BICUCULLINE,-8.3
BETULINIC,-8.3
BETAMETHAZONE,-8.3
BERBAMINE,-8.3
BENZTHIAZIDE,-8.3
BENDROFLUMETHIAZIDE,-8.3
BENDROFLUMETHIAZIDE,-8.3
BENAZEPRIL,-8.3
AZAPERONE,-8.3
ASTEMIZOLE,-8.3
ANTIMYCIN,-8.3
alpha-HYDROXYDEOXYCHOLIC,-8.3
ACETOHEXAMIDE,-8.3
7-OXOCHOLESTEROL,-8.3
YOHIMBINE,-8.4
VECURONIUM,-8.4
VALSARTAN,-8.4
URSOLIC,-8.4
TRIFLUMURON,-8.4
TRIAMCINOLONE,-8.4
TRIAMCINOLONE,-8.4
TRAZODONE,-8.4
TOMATINE,-8.4
TOMATINE,-8.4
TANSHINONE,-8.4
SUMARESINOLIC,-8.4
STROPHANTHIDIN,-8.4
SODIUM,-8.4
SODIUM,-8.4
SILIBININ,-8.4
ROTENONE,-8.4
RHETSININE,-8.4
QUINAPRIL,-8.4
QUETIAPINE,-8.4
PROTOPORPHYRIN,-8.4
PROTOPORPHYRIN,-8.4
PROGESTERONE,-8.4
PREGNENOLONE,-8.4
PREGNENOLONE,-8.4
PREDNISOLONE,-8.4
POMIFERIN,-8.4
PIPERIDOLATE,-8.4
PIPERIDOLATE,-8.4
PIMETHIXENE,-8.4
PIMETHIXENE,-8.4
PHTHALYLSULFATHIAZOLE,-8.4
PHTHALYLSULFATHIAZOLE,-8.4
PECTOLINARIN,-8.4
NORETHYNODREL,-8.4
NICERGOLINE,-8.4
NARINGIN,-8.4
NALTREXONE,-8.4
NALTREXONE,-8.4
NALBUPHINE,-8.4
NALBUPHINE,-8.4
METHOTREXATE(+/-),-8.4
METHOTREXATE(+/-),-8.4
METHOTREXATE(+/-),-8.4
MECLOCYCLINE,-8.4
LOVASTATIN,-8.4
LOPERAMIDE,-8.4
LASALOCID,-8.4
LANATOSIDE,-8.4
HYDROCORTISONE,-8.4
HEDERAGENIN,-8.4
HECOGENIN,-8.4
GOSSYPIN,-8.4
GOSSYPIN,-8.4
FLURANDRENOLIDE,-8.4
FLUOCINONIDE,-8.4
FLECAINIDE,-8.4
FIPEXIDE,-8.4
FIPEXIDE,-8.4
FEXOFENADINE,-8.4
ETOPOSIDE,-8.4
ETHINYL,-8.4
ETHINYL,-8.4
ESTRIOL,-8.4
ESTRADIOL,-8.4
ERGOCALCIFEROL,-8.4
ERGOCALCIFEROL,-8.4
EPIRUBICIN,-8.4
DEXAMETHASONE,-8.4
DESOXYCORTICOSTERONE,-8.4
DERRUBONE,-8.4
DERRUBONE,-8.4
DEMECLOCYCLINE,-8.4
DEHYDROCHOLIC,-8.4
DAUNORUBICIN,-8.4
CYPROTERONE,-8.4
CYCLOTHIAZIDE,-8.4
CRYPTOTANSHINONE,-8.4
CLOXACILLIN,-8.4
CLOMIPHENE,-8.4
CLIDINIUM,-8.4
CLIDINIUM,-8.4
CINCHONINE,-8.4
CHOLEST-5-EN-3-ONE,-8.4
"CHOLEST-4,6-DIEN-3-ONE",-8.4
CHLORTHALIDONE,-8.4
CHLORHEXIDINE,-8.4
CHENODIOL,-8.4
CHAULMOSULFONE,-8.4
CEPHARANTHINE,-8.4
CELECOXIB,-8.4
CEFAMANDOLE,-8.4
CAPREOMYCIN,-8.4
CAFESTOL,-8.4
BUSPIRONE,-8.4
BUSPIRONE,-8.4
BIPERIDEN,-8.4
BIPERIDEN,-8.4
BICUCULLINE(-),-8.4
BICUCULLINE,-8.4
BETAMETHASONE,-8.4
BETAMETHASONE,-8.4
beta-AMYRIN,-8.4
BENZTHIAZIDE,-8.4
BENAZEPRIL,-8.4
ANDROSTERONE,-8.4
ANDROSTERONE,-8.4
"ANDROSTA-1,4-DIEN-3,17-DIONE",-8.4
AMCINONIDE,-8.4
TUBOCURARINE,-8.5
TROXERUTIN,-8.5
TROXERUTIN,-8.5
TRIFLUOPERAZINE,-8.5
TOLPERISONE,-8.5
TOLNAFTATE,-8.5
SOLASODINE,-8.5
SODIUM,-8.5
REBAMIPIDE,-8.5
QUERCETIN,-8.5
PREDNISOLONE,-8.5
PRASTERONE,-8.5
POMIFERIN,-8.5
PIZOTYLINE,-8.5
PIPENZOLATE,-8.5
PIPENZOLATE,-8.5
PECTOLINARIN,-8.5
PAROXETINE,-8.5
PAROXETINE,-8.5
NORSTICTIC,-8.5
METHOTREXATE(+/-),-8.5
MERBROMIN,-8.5
MECLOCYCLINE,-8.5
MAPROTILINE,-8.5
MAPROTILINE,-8.5
LORATADINE,-8.5
LOPERAMIDE,-8.5
LOPERAMIDE,-8.5
LITHOCHOLIC,-8.5
KETOTIFEN,-8.5
KETOCONAZOLE,-8.5
HYDROCORTISONE,-8.5
HYDROCORTISONE,-8.5
HALOPERIDOL,-8.5
FLUPHENAZINE,-8.5
FLUNIXIN,-8.5
FIPEXIDE,-8.5
EXEMESTANE,-8.5
ETOPOSIDE,-8.5
ETHINYL,-8.5
ESTRADIOL,-8.5
ERGOSTEROL,-8.5
DOXAZOSIN,-8.5
DONEPEZIL,-8.5
DIOSMIN,-8.5
DIOSMIN,-8.5
DESONIDE,-8.5
DESLORATIDINE,-8.5
DEMECLOCYCLINE,-8.5
DEMECLOCYCLINE,-8.5
DAUNORUBICIN,-8.5
DANAZOL,-8.5
CORYNANTHINE,-8.5
CLOFAZIMINE,-8.5
CILOSTAZOL,-8.5
CHOLESTANONE,-8.5
CHLORTETRACYCLINE,-8.5
CHLORMADINONE,-8.5
CHLORHEXIDINE,-8.5
CHAULMOSULFONE,-8.5
CHAULMOSULFONE,-8.5
CARBAMAZEPINE,-8.5
CARBAMAZEPINE,-8.5
CAPREOMYCIN,-8.5
CANRENOIC,-8.5
BUSPIRONE,-8.5
BUCLADESINE,-8.5
BUCLADESINE,-8.5
BRUCINE,-8.5
BRAZILIN,-8.5
BISANHYDRORUTILANTINONE,-8.5
BISACODYL,-8.5
BILIRUBIN,-8.5
BERBAMINE,-8.5
BENDROFLUMETHIAZIDE,-8.5
BENDROFLUMETHIAZIDE,-8.5
BENAZEPRIL,-8.5
AZLOCILLIN,-8.5
AZAPERONE,-8.5
ASTEMIZOLE,-8.5
AMCINONIDE,-8.5
ALTRENOGEST,-8.5
VERATRINE,-8.6
VERATRINE,-8.6
URSODIOL,-8.6
TRIFLUMURON,-8.6
TRAZODONE,-8.6
TOLPERISONE,-8.6
TOLNAFTATE,-8.6
TESTOSTERONE,-8.6
SUMARESINOLIC,-8.6
SODIUM,-8.6
SARAFLOXACIN,-8.6
RUTOSIDE,-8.6
RHOIFOLIN,-8.6
RHOIFOLIN,-8.6
RHETSININE,-8.6
PYRROMYCIN,-8.6
PROTOPORPHYRIN,-8.6
PRISTIMERIN,-8.6
PREGNENOLONE,-8.6
PRAZIQUANTEL,-8.6
PIPERACILLIN,-8.6
PHENOLPHTHALEIN,-8.6
PHENOLPHTHALEIN,-8.6
OXACILLIN,-8.6
OSAJIN,-8.6
NORGESTIMATE,-8.6
MUNDULONE,-8.6
MERBROMIN,-8.6
MEFLOQUINE,-8.6
MECLOCYCLINE,-8.6
LORATADINE,-8.6
LOBELINE,-8.6
LOBELINE,-8.6
LEUCOVORIN,-8.6
KETOCONAZOLE,-8.6
HESPERIDIN,-8.6
HECOGENIN,-8.6
GOSSYPIN,-8.6
GOSSYPETIN,-8.6
FLUORESCEIN,-8.6
EUPHOL,-8.6
ETHINYL,-8.6
DOXORUBICIN,-8.6
DOXORUBICIN,-8.6
DOXAZOSIN,-8.6
DONEPEZIL,-8.6
DICLOXACILLIN,-8.6
DEXAMETHASONE,-8.6
DESOXYCORTICOSTERONE,-8.6
DESLORATIDINE,-8.6
DEHYDROCHOLIC,-8.6
DANAZOL,-8.6
CYPROTERONE,-8.6
CYCLOTHIAZIDE,-8.6
CRYPTOTANSHINONE,-8.6
CORTISONE,-8.6
CLOBETASOL,-8.6
CINCHONINE,-8.6
CHAULMOSULFONE,-8.6
CEFAMANDOLE,-8.6
CANTHAXANTHIN,-8.6
CANTHAXANTHIN,-8.6
CAMPTOTHECIN,-8.6
CALCEIN,-8.6
BUSPIRONE,-8.6
BROMOCRIPTINE,-8.6
BISANHYDRORUTILANTINONE,-8.6
BICUCULLINE(-),-8.6
AZLOCILLIN,-8.6
ASTEMIZOLE,-8.6
ALTRENOGEST,-8.6
YOHIMBINE,-8.7
VERATRINE,-8.7
URSOCHOLANIC,-8.7
TENIPOSIDE,-8.7
TENIPOSIDE,-8.7
SILIBININ,-8.7
RUTOSIDE,-8.7
REBAMIPIDE,-8.7
QUINAPRIL,-8.7
QUERCITRIN,-8.7
QUERCITRIN,-8.7
QUERCITRIN,-8.7
PIPERACILLIN,-8.7
PIPERACILLIN,-8.7
PIPAMPERONE,-8.7
PANCURONIUM,-8.7
NATAMYCIN,-8.7
NADIDE,-8.7
NADIDE,-8.7
MERBROMIN,-8.7
MELENGESTROL,-8.7
MEFLOQUINE,-8.7
MEFLOQUINE,-8.7
LOSARTAN,-8.7
LORATADINE,-8.7
LEUCOVORIN,-8.7
LEUCOVORIN,-8.7
HESPERIDIN,-8.7
HECOGENIN,-8.7
GITOXIGENIN,-8.7
FLUPHENAZINE,-8.7
FLUOCINONIDE,-8.7
FLECAINIDE,-8.7
ESTROPIPATE,-8.7
ESTROPIPATE,-8.7
ESTRADIOL,-8.7
ERGOSTEROL,-8.7
EPICATECHIN,-8.7
ENOXOLONE,-8.7
DOXORUBICIN,-8.7
DONEPEZIL,-8.7
DICUMAROL,-8.7
DEXAMETHASONE,-8.7
DAUNORUBICIN,-8.7
CYCLOTHIAZIDE,-8.7
CLOMIPHENE,-8.7
CLOFAZIMINE,-8.7
CLOFAZIMINE,-8.7
CHOLEST-5-EN-3-ONE,-8.7
"CHOLEST-4,6-DIEN-3-ONE",-8.7
CHOLECALCIFEROL,-8.7
CEVADINE,-8.7
CELASTROL,-8.7
CEFSULODIN,-8.7
CEFOPERAZONE,-8.7
CEFONICID,-8.7
CEFONICID,-8.7
CAPSANTHIN,-8.7
BROMPERIDOL,-8.7
BRAZILIN,-8.7
BILIRUBIN,-8.7
BERBERINE,-8.7
BENZANTHRONE,-8.7
ASTEMIZOLE,-8.7
APIIN,-8.7
APIIN,-8.7
ANDIROBIN,-8.7
21-ACETOXYPREGNENOLONE,-8.7
VULPINIC,-8.8
VERATRINE,-8.8
TRIFLUOPERAZINE,-8.8
TOLPERISONE,-8.8
TETRANDRINE,-8.8
"STIGMASTA-4,22-DIEN-3-ONE",-8.8
SMILAGENIN,-8.8
SILIBININ,-8.8
SANGUINARINE,-8.8
ROLITETRACYCLINE,-8.8
RIFAXIMIN,-8.8
REBAMIPIDE,-8.8
PYRROMYCIN,-8.8
PIPERACILLIN,-8.8
PIPAMPERONE,-8.8
PIMETHIXENE,-8.8
PHENOTHRIN,-8.8
PHENOTHRIN,-8.8
PHENOLPHTHALEIN,-8.8
PHENOLPHTHALEIN,-8.8
PAROXETINE,-8.8
OXACILLIN,-8.8
NORSTICTIC,-8.8
MEFLOQUINE,-8.8
MECLOCYCLINE,-8.8
MANGIFERIN,-8.8
LOSARTAN,-8.8
LOPERAMIDE,-8.8
LEUCOVORIN,-8.8
LANATOSIDE,-8.8
LANATOSIDE,-8.8
HALOPERIDOL,-8.8
GLYBURIDE,-8.8
FLUNARIZINE,-8.8
EUPHOL,-8.8
ETOPOSIDE,-8.8
ESTRADIOL,-8.8
DICUMAROL,-8.8
DEGUELIN(-),-8.8
DAUNORUBICIN,-8.8
"CHOLEST-4,6-DIEN-3-ONE",-8.8
"CHOLEST-4,6-DIEN-3-ONE",-8.8
CHOLECALCIFEROL,-8.8
CEVADINE,-8.8
CEFONICID,-8.8
CARMINIC,-8.8
CAPSANTHIN,-8.8
CALCEIN,-8.8
BETULINIC,-8.8
beta-CAROTENE,-8.8
BENZANTHRONE,-8.8
AMCINONIDE,-8.8
ALGESTERONE,-8.8
URSODIOL,-8.9
TRAZODONE,-8.9
SULFASALAZINE,-8.9
SPIRONOLACTONE,-8.9
SARAFLOXACIN,-8.9
SARAFLOXACIN,-8.9
RALOXIFENE,-8.9
PREDNISOLONE,-8.9
PRAZIQUANTEL,-8.9
PIZOTYLINE,-8.9
PIRENPERONE,-8.9
PIRENPERONE,-8.9
PECTOLINARIN,-8.9
PAROXETINE,-8.9
OLEANOLIC,-8.9
OLEANOIC,-8.9
NORETHINDRONE,-8.9
NARINGIN,-8.9
NADIDE,-8.9
NADIDE,-8.9
MUNDULONE,-8.9
MANGIFERIN,-8.9
LACCAIC,-8.9
LACCAIC,-8.9
HECOGENIN,-8.9
FLUNARIZINE,-8.9
ETOPOSIDE,-8.9
EQUILIN,-8.9
DESLORATADINE,-8.9
CHOLEST-5-EN-3-ONE,-8.9
CEFOPERAZONE,-8.9
CEFOPERAZONE,-8.9
BROMPERIDOL,-8.9
BROMOCRIPTINE,-8.9
beta-SITOSTEROL,-8.9
beta-CAROTENE,-8.9
BENAZEPRIL,-8.9
AZLOCILLIN,-8.9
AURIN,-8.9
ASARININ,-8.9
ASARININ,-8.9
21-ACETOXYPREGNENOLONE,-8.9
STRYCHNINE,-9
STRYCHNINE,-9
STRYCHNINE,-9
SMILAGENIN,-9
RHOIFOLIN,-9
QUERCITRIN,-9
PIRENPERONE,-9
PIPAMPERONE,-9
PIPAMPERONE,-9
PECTOLINARIN,-9
MECLIZINE,-9
MECLIZINE,-9
LITHOCHOLIC,-9
LACCAIC,-9
HEDERAGENIN,-9
HECOGENIN,-9
FLUORESCEIN,-9
EXEMESTANE,-9
EPICATECHIN,-9
ELETRIPTAN,-9
ELETRIPTAN,-9
DROPERIDOL,-9
DIOSGENIN,-9
DICUMAROL,-9
DICUMAROL,-9
DARIFENACIN,-9
CLOFAZIMINE,-9
CHLORHEXIDINE,-9
CEVADINE,-9
CARMINIC,-9
CARAPIN,-9
BIFONAZOLE,-9
BICUCULLINE,-9
BICUCULLINE,-9
ASTAXANTHIN,-9
AMCINONIDE,-9
URSOCHOLANIC,-9.1
TUBOCURARINE,-9.1
TUBOCURARINE,-9.1
SULFASALAZINE,-9.1
STROPHANTHIDIN,-9.1
SOLASODINE,-9.1
SOLASODINE,-9.1
SILIBININ,-9.1
PREGNENOLONE,-9.1
PARAROSANILINE,-9.1
PANCURONIUM,-9.1
METERGOLINE,-9.1
METERGOLINE,-9.1
LOSARTAN,-9.1
LOSARTAN,-9.1
HESPERIDIN,-9.1
GLYBURIDE,-9.1
GLYBURIDE,-9.1
GAMBOGIC,-9.1
FLUORESCEIN,-9.1
FLUNARIZINE,-9.1
ELETRIPTAN,-9.1
ELETRIPTAN,-9.1
DARIFENACIN,-9.1
DARIFENACIN,-9.1
CILOSTAZOL,-9.1
CHOLESTEROL,-9.1
CEFONICID,-9.1
CARMINIC,-9.1
CANRENONE,-9.1
BISANHYDRORUTILANTINONE,-9.1
AURIN,-9.1
ANDIROBIN,-9.1
TADALAFIL,-9.2
SOLASODINE,-9.2
SARAFLOXACIN,-9.2
RUTOSIDE,-9.2
RUTOSIDE,-9.2
RHIZOCARPIC,-9.2
RHIZOCARPIC,-9.2
REBAMIPIDE,-9.2
PIRENPERONE,-9.2
PARAROSANILINE,-9.2
PARAROSANILINE,-9.2
LUFENURON,-9.2
LUFENURON,-9.2
LUFENURON,-9.2
HESPERIDIN,-9.2
GOSSYPIN,-9.2
GLYBURIDE,-9.2
GAMBOGIC,-9.2
FLUNARIZINE,-9.2
FEXOFENADINE,-9.2
EZETIMIBE,-9.2
EZETIMIBE,-9.2
DIOSGENIN,-9.2
DESLORATADINE,-9.2
DARIFENACIN,-9.2
CINNARAZINE,-9.2
CHOLESTANONE,-9.2
CEFSULODIN,-9.2
CEFSULODIN,-9.2
BIFONAZOLE,-9.2
AZLOCILLIN,-9.2
ASTAXANTHIN,-9.2
ARIPIPRAZOLE,-9.2
ALGESTERONE,-9.2
TENIPOSIDE,-9.3
TADALAFIL,-9.3
TADALAFIL,-9.3
SULFINPYRAZONE,-9.3
STRYCHNINE,-9.3
RITANSERIN,-9.3
RHOIFOLIN,-9.3
NARINGIN,-9.3
MECLIZINE,-9.3
LACCAIC,-9.3
FRIEDELIN,-9.3
FEXOFENADINE,-9.3
DIOSMIN,-9.3
CYPROHEPTADINE,-9.3
CYPROHEPTADINE,-9.3
CANRENONE,-9.3
BIFONAZOLE,-9.3
AZELASTINE,-9.3
AURIN,-9.3
AURIN,-9.3
ATOVAQUONE,-9.3
7-OXOCHOLESTEROL,-9.3
SULFINPYRAZONE,-9.4
SULFINPYRAZONE,-9.4
SULFASALAZINE,-9.4
SULFASALAZINE,-9.4
RALOXIFENE,-9.4
PYRANTEL,-9.4
PARAROSANILINE,-9.4
NATAMYCIN,-9.4
FEXOFENADINE,-9.4
ESTRADIOL,-9.4
DOMPERIDONE,-9.4
DOMPERIDONE,-9.4
DESLORATADINE,-9.4
CYPROHEPTADINE,-9.4
CYPROHEPTADINE,-9.4
CEPHARANTHINE,-9.4
CANRENONE,-9.4
BROMOCRIPTINE,-9.4
BROMOCRIPTINE,-9.4
ARIPIPRAZOLE,-9.4
ARIPIPRAZOLE,-9.4
TIGOGENIN,-9.5
TERFENADINE,-9.5
SULFINPYRAZONE,-9.5
SPIRONOLACTONE,-9.5
RITANSERIN,-9.5
OXANTEL,-9.5
OXANTEL,-9.5
LUFENURON,-9.5
KETANSERIN,-9.5
KETANSERIN,-9.5
HYDROXYZINE,-9.5
HYDROXYZINE,-9.5
HYDROXYZINE,-9.5
HYDROXYZINE,-9.5
HECOGENIN,-9.5
FLUORESCEIN,-9.5
ERGOSTEROL,-9.5
DROPERIDOL,-9.5
DOMPERIDONE,-9.5
DOMPERIDONE,-9.5
DIOSMIN,-9.5
CEFSULODIN,-9.5
CEFOPERAZONE,-9.5
CANDESARTAN,-9.5
AZELASTINE,-9.5
APIIN,-9.5
TENIPOSIDE,-9.6
TELMISARTAN,-9.6
SPIPERONE,-9.6
ROLITETRACYCLINE,-9.6
RALOXIFENE,-9.6
PYRANTEL,-9.6
OXANTEL,-9.6
OLMESARTAN,-9.6
NATAMYCIN,-9.6
LIMONIN,-9.6
EVANS,-9.6
ESTRADIOL,-9.6
DROPERIDOL,-9.6
DROPERIDOL,-9.6
CINNARAZINE,-9.6
CANRENONE,-9.6
ARIPIPRAZOLE,-9.6
APIIN,-9.6
ALGESTERONE,-9.6
TERFENADINE,-9.7
SPIPERONE,-9.7
SPIPERONE,-9.7
ROLITETRACYCLINE,-9.7
OXANTEL,-9.7
OLMESARTAN,-9.7
NATAMYCIN,-9.7
LUNARINE,-9.7
ESTRADIOL,-9.7
EPIGALLOCATECHIN-3-MONOGALLATE,-9.7
EPICATECHIN,-9.7
CINNARAZINE,-9.7
CHLORHEXIDINE,-9.7
CEPHARANTHINE,-9.7
CANDESARTAN,-9.7
AZELASTINE,-9.7
TIGOGENIN,-9.8
SPIPERONE,-9.8
RITANSERIN,-9.8
RALOXIFENE,-9.8
PIMOZIDE,-9.8
PIMOZIDE,-9.8
MECLIZINE,-9.8
IRBESARTAN,-9.8
IRBESARTAN,-9.8
EPICATECHIN,-9.8
CANDESARTAN,-9.8
CAMPTOTHECIN,-9.8
RITANSERIN,-9.9
PIMOZIDE,-9.9
KETANSERIN,-9.9
KETANSERIN,-9.9
IRBESARTAN,-9.9
EPIGALLOCATECHIN-3-MONOGALLATE,-9.9
EPIGALLOCATECHIN-3-MONOGALLATE,-9.9
CINNARAZINE,-9.9
CELASTROL,-9.9
CANDESARTAN,-9.9
BIFONAZOLE,-9.9
BERBAMINE,-9.9
AZELASTINE,-9.9
TUBOCURARINE,-10
OLMESARTAN,-10
LUNARINE,-10
IRBESARTAN,-10
EVANS,-10
TELMISARTAN,-10.1
EPIGALLOCATECHIN-3-MONOGALLATE,-10.1
ATOVAQUONE,-10.1
PIMOZIDE,-10.2
OLMESARTAN,-10.2
ESTRADIOL,-10.2
ALGESTERONE,-10.2
LUNARINE,-10.3
ESTRADIOL,-10.3
THEAFLAVIN,-10.4
THEAFLAVIN,-10.4
THEAFLAVIN,-10.4
THEAFLAVIN,-10.5
TADALAFIL,-10.5
CEPHARANTHINE,-10.5
DIHYDROERGOTAMINE,-10.7
ESTRADIOL,-10.8
LUNARINE,-10.9
DIHYDROERGOTAMINE,-11
DIHYDROERGOTAMINE,-11.1
DIHYDROERGOTAMINE,-11.3
